isolate_id,44341_3_304,44341_3_305,44341_3_281,CIV13XE8,44341_3_128,44341_3_131,44341_3_136,CIV13PE7,CIT159B1,CIT15EB1,CIS153C1,CIV147E3,CIT15FH1,CIV143E2,CIU145B1,44341_3_310,CIV13XE2,44341_4_275,CIT15FB1,CIV13XU1,CIV142E6,CIV143U1,CIV143E9,CNS1F3,CAAYSI,CIT15GS1,CIV13RE2,CIV141E6,CIS15HB1,CIV140U1,CIV140E4,CIV140E7,CAAXQV,CIV13UE4,CIS15MR1,CIV13YE6,CIV143E4,CIV13XE5,CIT15GH1,CIV140E1,CIV140E6,CIU13XS1,CIV146E8,CIU149H1,CIV144E6,CIV13VE5,CIV13YE8,CIV144U1,CNSP0U,CNSKFP,CNSLL4,CLL3JA,CNS7YP,BKRRIF,CNS6QU,44341_3_96,44341_3_21,BKRMVD,CAAYDF,CAAXBN,44341_3_165,44341_3_262,44341_3_265,44341_4_286,44341_3_268,44341_3_280,CAAP2A,CNSFP4,CNSDXZ,CAAQXB,CAAR9T,CAAQUT,CAARE3,CLL6CH
44341_3_304,0,0,0,1,2,1,1,1,0,0,1,0,0,0,0,1,1,0,1,1,2,0,0,0,0,0,0,0,0,0,0,0,0,0,0,0,0,0,0,0,0,0,0,0,0,0,0,1,17,16,23,5,7,7,7,6,6,1,1,1,7,11,11,11,11,11,3,11,14,14,15,15,14,14
44341_3_305,0,0,0,1,2,1,1,1,0,0,1,0,0,0,0,1,1,0,1,1,2,0,0,0,0,0,0,0,0,0,0,0,0,0,0,0,0,0,0,0,0,0,0,0,0,0,0,1,17,16,23,5,7,7,7,6,6,1,1,1,7,11,11,11,11,11,3,11,14,14,15,15,14,14
44341_3_281,0,0,0,1,2,1,1,1,0,0,1,0,0,0,0,1,1,0,1,1,2,0,0,0,0,0,0,0,0,0,0,0,0,0,0,0,0,0,0,0,0,0,0,0,0,0,0,1,17,16,23,5,7,7,7,6,6,1,1,1,7,11,11,11,11,11,3,11,14,14,15,15,14,14
CIV13XE8,1,1,1,0,3,2,2,2,1,1,2,1,1,1,1,2,2,1,2,2,3,1,1,1,1,1,1,1,1,1,1,1,1,1,1,1,1,1,1,1,1,1,1,1,1,1,1,2,18,17,24,6,8,8,8,7,7,2,2,2,8,12,12,12,12,12,4,12,15,15,16,16,15,15
44341_3_128,2,2,2,3,0,1,1,3,2,2,3,2,2,2,2,3,3,2,3,3,4,2,2,2,2,2,2,2,2,2,2,2,2,2,2,2,2,2,2,2,2,2,2,2,2,2,2,3,19,18,25,7,9,9,9,8,8,3,3,3,9,13,13,13,13,13,5,13,16,16,17,17,16,16
44341_3_131,1,1,1,2,1,0,0,2,1,1,2,1,1,1,1,2,2,1,2,2,3,1,1,1,1,1,1,1,1,1,1,1,1,1,1,1,1,1,1,1,1,1,1,1,1,1,1,2,18,17,24,6,8,8,8,7,7,2,2,2,8,12,12,12,12,12,4,12,15,15,16,16,15,15
44341_3_136,1,1,1,2,1,0,0,2,1,1,2,1,1,1,1,2,2,1,2,2,3,1,1,1,1,1,1,1,1,1,1,1,1,1,1,1,1,1,1,1,1,1,1,1,1,1,1,2,18,17,24,6,8,8,8,7,7,2,2,2,8,12,12,12,12,12,4,12,15,15,16,16,15,15
CIV13PE7,1,1,1,2,3,2,2,0,1,1,2,1,1,1,1,2,2,1,2,2,3,1,1,1,1,1,1,1,1,1,1,1,1,1,1,1,1,1,1,1,1,1,1,1,1,1,1,2,18,17,24,6,8,8,8,7,7,2,2,2,8,12,12,12,12,12,4,12,15,15,16,16,15,15
CIT159B1,0,0,0,1,2,1,1,1,0,0,1,0,0,0,0,1,1,0,1,1,2,0,0,0,0,0,0,0,0,0,0,0,0,0,0,0,0,0,0,0,0,0,0,0,0,0,0,1,17,16,23,5,7,7,7,6,6,1,1,1,7,11,11,11,11,11,3,11,14,14,15,15,14,14
CIT15EB1,0,0,0,1,2,1,1,1,0,0,1,0,0,0,0,1,1,0,1,1,2,0,0,0,0,0,0,0,0,0,0,0,0,0,0,0,0,0,0,0,0,0,0,0,0,0,0,1,17,16,23,5,7,7,7,6,6,1,1,1,7,11,11,11,11,11,3,11,14,14,15,15,14,14
CIS153C1,1,1,1,2,3,2,2,2,1,1,0,1,1,1,1,2,2,1,2,2,3,1,1,1,1,1,1,1,1,1,1,1,1,1,1,1,1,1,1,1,1,1,1,1,1,1,1,2,18,17,24,6,8,8,8,7,7,2,2,2,8,12,12,12,12,12,4,12,15,15,16,16,15,15
CIV147E3,0,0,0,1,2,1,1,1,0,0,1,0,0,0,0,1,1,0,1,1,2,0,0,0,0,0,0,0,0,0,0,0,0,0,0,0,0,0,0,0,0,0,0,0,0,0,0,1,17,16,23,5,7,7,7,6,6,1,1,1,7,11,11,11,11,11,3,11,14,14,15,15,14,14
CIT15FH1,0,0,0,1,2,1,1,1,0,0,1,0,0,0,0,1,1,0,1,1,2,0,0,0,0,0,0,0,0,0,0,0,0,0,0,0,0,0,0,0,0,0,0,0,0,0,0,1,17,16,23,5,7,7,7,6,6,1,1,1,7,11,11,11,11,11,3,11,14,14,15,15,14,14
CIV143E2,0,0,0,1,2,1,1,1,0,0,1,0,0,0,0,1,1,0,1,1,2,0,0,0,0,0,0,0,0,0,0,0,0,0,0,0,0,0,0,0,0,0,0,0,0,0,0,1,17,16,23,5,7,7,7,6,6,1,1,1,7,11,11,11,11,11,3,11,14,14,15,15,14,14
CIU145B1,0,0,0,1,2,1,1,1,0,0,1,0,0,0,0,1,1,0,1,1,2,0,0,0,0,0,0,0,0,0,0,0,0,0,0,0,0,0,0,0,0,0,0,0,0,0,0,1,17,16,23,5,7,7,7,6,6,1,1,1,7,11,11,11,11,11,3,11,14,14,15,15,14,14
44341_3_310,1,1,1,2,3,2,2,2,1,1,2,1,1,1,1,0,2,1,2,2,3,1,1,1,1,1,1,1,1,1,1,1,1,1,1,1,1,1,1,1,1,1,1,1,1,1,1,2,18,17,24,6,8,8,8,7,7,2,2,2,8,12,12,12,12,12,4,12,15,15,16,16,15,15
CIV13XE2,1,1,1,2,3,2,2,2,1,1,2,1,1,1,1,2,0,1,2,2,3,1,1,1,1,1,1,1,1,1,1,1,1,1,1,1,1,1,1,1,1,1,1,1,1,1,1,2,18,17,24,6,8,8,8,7,7,2,2,2,8,12,12,12,12,12,4,12,15,15,16,16,15,15
44341_4_275,0,0,0,1,2,1,1,1,0,0,1,0,0,0,0,1,1,0,1,1,2,0,0,0,0,0,0,0,0,0,0,0,0,0,0,0,0,0,0,0,0,0,0,0,0,0,0,1,17,16,23,5,7,7,7,6,6,1,1,1,7,11,11,11,11,11,3,11,14,14,15,15,14,14
CIT15FB1,1,1,1,2,3,2,2,2,1,1,2,1,1,1,1,2,2,1,0,2,3,1,1,1,1,1,1,1,1,1,1,1,1,1,1,1,1,1,1,1,1,1,1,1,1,1,1,2,18,17,24,6,8,8,8,7,7,2,2,2,8,12,12,12,12,12,4,12,15,15,16,16,15,15
CIV13XU1,1,1,1,2,3,2,2,2,1,1,2,1,1,1,1,2,2,1,2,0,3,1,1,1,1,1,1,1,1,1,1,1,1,1,1,1,1,1,1,1,1,1,1,1,1,1,1,2,18,17,24,6,8,8,8,7,7,2,2,2,8,12,12,12,12,12,4,12,15,15,16,16,15,15
CIV142E6,2,2,2,3,4,3,3,3,2,2,3,2,2,2,2,3,3,2,3,3,0,2,2,2,2,2,2,2,2,2,2,2,2,2,2,2,2,2,2,2,2,2,2,2,2,2,2,3,19,18,25,7,9,9,9,8,8,3,3,3,9,13,13,13,13,13,5,12,16,16,17,17,16,16
CIV143U1,0,0,0,1,2,1,1,1,0,0,1,0,0,0,0,1,1,0,1,1,2,0,0,0,0,0,0,0,0,0,0,0,0,0,0,0,0,0,0,0,0,0,0,0,0,0,0,1,17,16,23,5,7,7,7,6,6,1,1,1,7,11,11,11,11,11,3,11,14,14,15,15,14,14
CIV143E9,0,0,0,1,2,1,1,1,0,0,1,0,0,0,0,1,1,0,1,1,2,0,0,0,0,0,0,0,0,0,0,0,0,0,0,0,0,0,0,0,0,0,0,0,0,0,0,1,17,16,23,5,7,7,7,6,6,1,1,1,7,11,11,11,11,11,3,11,14,14,15,15,14,14
CNS1F3,0,0,0,1,2,1,1,1,0,0,1,0,0,0,0,1,1,0,1,1,2,0,0,0,0,0,0,0,0,0,0,0,0,0,0,0,0,0,0,0,0,0,0,0,0,0,0,1,17,16,23,5,7,7,7,6,6,1,1,1,7,10,10,10,10,10,3,11,14,14,14,14,13,13
CAAYSI,0,0,0,1,2,1,1,1,0,0,1,0,0,0,0,1,1,0,1,1,2,0,0,0,0,0,0,0,0,0,0,0,0,0,0,0,0,0,0,0,0,0,0,0,0,0,0,1,17,16,23,5,7,7,7,6,6,1,1,1,7,10,10,10,10,10,3,11,14,14,15,15,14,14
CIT15GS1,0,0,0,1,2,1,1,1,0,0,1,0,0,0,0,1,1,0,1,1,2,0,0,0,0,0,0,0,0,0,0,0,0,0,0,0,0,0,0,0,0,0,0,0,0,0,0,1,17,16,23,5,7,7,7,6,6,1,1,1,7,11,11,11,11,11,3,11,14,14,15,15,14,14
CIV13RE2,0,0,0,1,2,1,1,1,0,0,1,0,0,0,0,1,1,0,1,1,2,0,0,0,0,0,0,0,0,0,0,0,0,0,0,0,0,0,0,0,0,0,0,0,0,0,0,1,17,16,23,5,7,7,7,6,6,1,1,1,7,11,11,11,11,11,3,11,14,14,15,15,14,14
CIV141E6,0,0,0,1,2,1,1,1,0,0,1,0,0,0,0,1,1,0,1,1,2,0,0,0,0,0,0,0,0,0,0,0,0,0,0,0,0,0,0,0,0,0,0,0,0,0,0,1,17,16,23,5,7,7,7,6,6,1,1,1,7,11,11,11,11,11,3,11,14,14,15,15,14,14
CIS15HB1,0,0,0,1,2,1,1,1,0,0,1,0,0,0,0,1,1,0,1,1,2,0,0,0,0,0,0,0,0,0,0,0,0,0,0,0,0,0,0,0,0,0,0,0,0,0,0,1,17,16,23,5,7,7,7,6,6,1,1,1,7,11,11,11,11,11,3,11,14,14,15,15,14,14
CIV140U1,0,0,0,1,2,1,1,1,0,0,1,0,0,0,0,1,1,0,1,1,2,0,0,0,0,0,0,0,0,0,0,0,0,0,0,0,0,0,0,0,0,0,0,0,0,0,0,1,17,16,23,5,7,7,7,6,6,1,1,1,7,11,11,11,11,11,3,11,14,14,15,15,14,14
CIV140E4,0,0,0,1,2,1,1,1,0,0,1,0,0,0,0,1,1,0,1,1,2,0,0,0,0,0,0,0,0,0,0,0,0,0,0,0,0,0,0,0,0,0,0,0,0,0,0,1,17,16,23,5,7,7,7,6,6,1,1,1,7,11,11,11,11,11,3,11,14,14,15,15,14,14
CIV140E7,0,0,0,1,2,1,1,1,0,0,1,0,0,0,0,1,1,0,1,1,2,0,0,0,0,0,0,0,0,0,0,0,0,0,0,0,0,0,0,0,0,0,0,0,0,0,0,1,17,16,23,5,7,7,7,6,6,1,1,1,7,11,11,11,11,11,3,11,14,14,15,15,14,14
CAAXQV,0,0,0,1,2,1,1,1,0,0,1,0,0,0,0,1,1,0,1,1,2,0,0,0,0,0,0,0,0,0,0,0,0,0,0,0,0,0,0,0,0,0,0,0,0,0,0,1,17,16,23,5,7,7,7,6,6,1,1,1,7,11,11,11,11,11,3,11,14,14,15,15,14,14
CIV13UE4,0,0,0,1,2,1,1,1,0,0,1,0,0,0,0,1,1,0,1,1,2,0,0,0,0,0,0,0,0,0,0,0,0,0,0,0,0,0,0,0,0,0,0,0,0,0,0,1,17,16,23,5,7,7,7,6,6,1,1,1,7,11,11,11,11,11,3,11,14,14,15,15,14,14
CIS15MR1,0,0,0,1,2,1,1,1,0,0,1,0,0,0,0,1,1,0,1,1,2,0,0,0,0,0,0,0,0,0,0,0,0,0,0,0,0,0,0,0,0,0,0,0,0,0,0,1,17,16,23,5,7,7,7,6,6,1,1,1,7,11,11,11,11,11,3,11,14,14,15,15,14,14
CIV13YE6,0,0,0,1,2,1,1,1,0,0,1,0,0,0,0,1,1,0,1,1,2,0,0,0,0,0,0,0,0,0,0,0,0,0,0,0,0,0,0,0,0,0,0,0,0,0,0,1,17,16,23,5,7,7,7,6,6,1,1,1,7,11,11,11,11,11,3,11,14,14,15,15,14,14
CIV143E4,0,0,0,1,2,1,1,1,0,0,1,0,0,0,0,1,1,0,1,1,2,0,0,0,0,0,0,0,0,0,0,0,0,0,0,0,0,0,0,0,0,0,0,0,0,0,0,1,17,16,23,5,7,7,7,6,6,1,1,1,7,11,11,11,11,11,3,11,14,14,15,15,14,14
CIV13XE5,0,0,0,1,2,1,1,1,0,0,1,0,0,0,0,1,1,0,1,1,2,0,0,0,0,0,0,0,0,0,0,0,0,0,0,0,0,0,0,0,0,0,0,0,0,0,0,1,17,16,23,5,7,7,7,6,6,1,1,1,7,11,11,11,11,11,3,11,14,14,15,15,14,14
CIT15GH1,0,0,0,1,2,1,1,1,0,0,1,0,0,0,0,1,1,0,1,1,2,0,0,0,0,0,0,0,0,0,0,0,0,0,0,0,0,0,0,0,0,0,0,0,0,0,0,1,17,16,23,5,7,7,7,6,6,1,1,1,7,11,11,11,11,11,3,11,14,14,15,15,14,14
CIV140E1,0,0,0,1,2,1,1,1,0,0,1,0,0,0,0,1,1,0,1,1,2,0,0,0,0,0,0,0,0,0,0,0,0,0,0,0,0,0,0,0,0,0,0,0,0,0,0,1,17,16,23,5,7,7,7,6,6,1,1,1,7,11,11,11,11,11,3,11,14,14,15,15,14,14
CIV140E6,0,0,0,1,2,1,1,1,0,0,1,0,0,0,0,1,1,0,1,1,2,0,0,0,0,0,0,0,0,0,0,0,0,0,0,0,0,0,0,0,0,0,0,0,0,0,0,1,17,16,23,5,7,7,7,6,6,1,1,1,7,11,11,11,11,11,3,11,14,14,15,15,14,14
CIU13XS1,0,0,0,1,2,1,1,1,0,0,1,0,0,0,0,1,1,0,1,1,2,0,0,0,0,0,0,0,0,0,0,0,0,0,0,0,0,0,0,0,0,0,0,0,0,0,0,1,17,16,23,5,7,7,7,6,6,1,1,1,7,11,11,11,11,11,3,11,14,14,15,15,14,14
CIV146E8,0,0,0,1,2,1,1,1,0,0,1,0,0,0,0,1,1,0,1,1,2,0,0,0,0,0,0,0,0,0,0,0,0,0,0,0,0,0,0,0,0,0,0,0,0,0,0,1,16,15,22,5,7,7,7,6,6,1,1,1,7,11,11,11,11,11,3,11,14,14,15,15,14,14
CIU149H1,0,0,0,1,2,1,1,1,0,0,1,0,0,0,0,1,1,0,1,1,2,0,0,0,0,0,0,0,0,0,0,0,0,0,0,0,0,0,0,0,0,0,0,0,0,0,0,1,17,16,23,5,7,7,7,6,6,1,1,1,7,11,11,11,11,11,3,11,14,14,15,15,14,14
CIV144E6,0,0,0,1,2,1,1,1,0,0,1,0,0,0,0,1,1,0,1,1,2,0,0,0,0,0,0,0,0,0,0,0,0,0,0,0,0,0,0,0,0,0,0,0,0,0,0,1,17,16,23,5,7,7,7,6,6,1,1,1,7,11,11,11,11,11,3,11,14,14,15,15,14,14
CIV13VE5,0,0,0,1,2,1,1,1,0,0,1,0,0,0,0,1,1,0,1,1,2,0,0,0,0,0,0,0,0,0,0,0,0,0,0,0,0,0,0,0,0,0,0,0,0,0,0,1,17,16,23,5,7,7,7,6,6,1,1,1,7,11,11,11,11,11,3,11,14,14,15,15,14,14
CIV13YE8,0,0,0,1,2,1,1,1,0,0,1,0,0,0,0,1,1,0,1,1,2,0,0,0,0,0,0,0,0,0,0,0,0,0,0,0,0,0,0,0,0,0,0,0,0,0,0,0,17,16,23,5,7,7,7,6,6,1,1,1,7,11,11,11,11,11,3,11,14,14,15,15,14,14
CIV144U1,1,1,1,2,3,2,2,2,1,1,2,1,1,1,1,2,2,1,2,2,3,1,1,1,1,1,1,1,1,1,1,1,1,1,1,1,1,1,1,1,1,1,1,1,1,1,0,0,18,17,24,6,8,8,8,7,7,2,2,2,8,12,12,12,12,12,4,12,15,15,16,16,15,15
CNSP0U,17,17,17,18,19,18,18,18,17,17,18,17,17,17,17,18,18,17,18,18,19,17,17,17,17,17,17,17,17,17,17,17,17,17,17,17,17,17,17,17,17,17,16,17,17,17,17,18,0,1,5,12,14,14,14,13,13,16,16,16,22,26,26,26,26,26,18,25,29,28,30,30,29,27
CNSKFP,16,16,16,17,18,17,17,17,16,16,17,16,16,16,16,17,17,16,17,17,18,16,16,16,16,16,16,16,16,16,16,16,16,16,16,16,16,16,16,16,16,16,15,16,16,16,16,17,1,0,8,11,13,13,13,12,12,15,15,15,21,24,24,24,24,24,17,24,28,27,29,29,28,26
CNSLL4,23,23,23,24,25,24,24,24,23,23,24,23,23,23,23,24,24,23,24,24,25,23,23,23,23,23,23,23,23,23,23,23,23,23,23,23,23,23,23,23,23,23,22,23,23,23,23,24,5,8,0,19,21,21,21,20,20,22,22,22,28,32,32,32,32,32,24,31,35,34,35,35,34,33
CLL3JA,5,5,5,6,7,6,6,6,5,5,6,5,5,5,5,6,6,5,6,6,7,5,5,5,5,5,5,5,5,5,5,5,5,5,5,5,5,5,5,5,5,5,5,5,5,5,5,6,12,11,19,0,2,2,2,1,1,4,4,4,10,14,14,14,14,14,6,13,17,16,17,17,16,16
CNS7YP,7,7,7,8,9,8,8,8,7,7,8,7,7,7,7,8,8,7,8,8,9,7,7,7,7,7,7,7,7,7,7,7,7,7,7,7,7,7,7,7,7,7,7,7,7,7,7,8,14,13,21,2,0,0,0,1,1,6,6,6,12,16,16,16,16,16,8,15,19,17,20,20,19,18
BKRRIF,7,7,7,8,9,8,8,8,7,7,8,7,7,7,7,8,8,7,8,8,9,7,7,7,7,7,7,7,7,7,7,7,7,7,7,7,7,7,7,7,7,7,7,7,7,7,7,8,14,13,21,2,0,0,0,1,1,6,6,6,12,16,16,16,16,16,8,15,19,17,20,20,19,18
CNS6QU,7,7,7,8,9,8,8,8,7,7,8,7,7,7,7,8,8,7,8,8,9,7,7,7,7,7,7,7,7,7,7,7,7,7,7,7,7,7,7,7,7,7,7,7,7,7,7,8,14,13,21,2,0,0,0,1,1,6,6,6,12,16,16,16,16,16,8,15,19,17,20,20,19,18
44341_3_96,6,6,6,7,8,7,7,7,6,6,7,6,6,6,6,7,7,6,7,7,8,6,6,6,6,6,6,6,6,6,6,6,6,6,6,6,6,6,6,6,6,6,6,6,6,6,6,7,13,12,20,1,1,1,1,0,0,5,5,5,11,15,15,15,15,15,7,14,18,16,19,19,18,17
44341_3_21,6,6,6,7,8,7,7,7,6,6,7,6,6,6,6,7,7,6,7,7,8,6,6,6,6,6,6,6,6,6,6,6,6,6,6,6,6,6,6,6,6,6,6,6,6,6,6,7,13,12,20,1,1,1,1,0,0,5,5,5,11,15,15,15,15,15,7,14,18,16,19,19,18,17
BKRMVD,1,1,1,2,3,2,2,2,1,1,2,1,1,1,1,2,2,1,2,2,3,1,1,1,1,1,1,1,1,1,1,1,1,1,1,1,1,1,1,1,1,1,1,1,1,1,1,2,16,15,22,4,6,6,6,5,5,0,0,0,6,10,10,10,10,10,2,10,13,13,14,14,13,13
CAAYDF,1,1,1,2,3,2,2,2,1,1,2,1,1,1,1,2,2,1,2,2,3,1,1,1,1,1,1,1,1,1,1,1,1,1,1,1,1,1,1,1,1,1,1,1,1,1,1,2,16,15,22,4,6,6,6,5,5,0,0,0,6,10,10,10,10,10,2,10,13,13,14,14,13,13
CAAXBN,1,1,1,2,3,2,2,2,1,1,2,1,1,1,1,2,2,1,2,2,3,1,1,1,1,1,1,1,1,1,1,1,1,1,1,1,1,1,1,1,1,1,1,1,1,1,1,2,16,15,22,4,6,6,6,5,5,0,0,0,6,9,9,9,9,9,2,10,13,13,14,14,13,13
44341_3_165,7,7,7,8,9,8,8,8,7,7,8,7,7,7,7,8,8,7,8,8,9,7,7,7,7,7,7,7,7,7,7,7,7,7,7,7,7,7,7,7,7,7,7,7,7,7,7,8,22,21,28,10,12,12,12,11,11,6,6,6,0,16,16,16,16,16,7,16,19,19,20,19,18,19
44341_3_262,11,11,11,12,13,12,12,12,11,11,12,11,11,11,11,12,12,11,12,12,13,11,11,10,10,11,11,11,11,11,11,11,11,11,11,11,11,11,11,11,11,11,11,11,11,11,11,12,26,24,32,14,16,16,16,15,15,10,10,9,16,0,0,0,0,0,8,17,19,18,20,20,19,19
44341_3_265,11,11,11,12,13,12,12,12,11,11,12,11,11,11,11,12,12,11,12,12,13,11,11,10,10,11,11,11,11,11,11,11,11,11,11,11,11,11,11,11,11,11,11,11,11,11,11,12,26,24,32,14,16,16,16,15,15,10,10,9,16,0,0,0,0,0,8,17,19,18,20,20,19,19
44341_4_286,11,11,11,12,13,12,12,12,11,11,12,11,11,11,11,12,12,11,12,12,13,11,11,10,10,11,11,11,11,11,11,11,11,11,11,11,11,11,11,11,11,11,11,11,11,11,11,12,26,24,32,14,16,16,16,15,15,10,10,9,16,0,0,0,0,0,8,17,19,18,20,20,19,19
44341_3_268,11,11,11,12,13,12,12,12,11,11,12,11,11,11,11,12,12,11,12,12,13,11,11,10,10,11,11,11,11,11,11,11,11,11,11,11,11,11,11,11,11,11,11,11,11,11,11,12,26,24,32,14,16,16,16,15,15,10,10,9,16,0,0,0,0,0,8,17,19,18,20,20,19,19
44341_3_280,11,11,11,12,13,12,12,12,11,11,12,11,11,11,11,12,12,11,12,12,13,11,11,10,10,11,11,11,11,11,11,11,11,11,11,11,11,11,11,11,11,11,11,11,11,11,11,12,26,24,32,14,16,16,16,15,15,10,10,9,16,0,0,0,0,0,8,17,19,18,20,20,19,19
CAAP2A,3,3,3,4,5,4,4,4,3,3,4,3,3,3,3,4,4,3,4,4,5,3,3,3,3,3,3,3,3,3,3,3,3,3,3,3,3,3,3,3,3,3,3,3,3,3,3,4,18,17,24,6,8,8,8,7,7,2,2,2,7,8,8,8,8,8,0,9,11,11,12,12,11,11
CNSFP4,11,11,11,12,13,12,12,12,11,11,12,11,11,11,11,12,12,11,12,12,12,11,11,11,11,11,11,11,11,11,11,11,11,11,11,11,11,11,11,11,11,11,11,11,11,11,11,12,25,24,31,13,15,15,15,14,14,10,10,10,16,17,17,17,17,17,9,0,5,20,20,20,19,20
CNSDXZ,14,14,14,15,16,15,15,15,14,14,15,14,14,14,14,15,15,14,15,15,16,14,14,14,14,14,14,14,14,14,14,14,14,14,14,14,14,14,14,14,14,14,14,14,14,14,14,15,29,28,35,17,19,19,19,18,18,13,13,13,19,19,19,19,19,19,11,5,0,21,23,23,22,21
CAAQXB,14,14,14,15,16,15,15,15,14,14,15,14,14,14,14,15,15,14,15,15,16,14,14,14,14,14,14,14,14,14,14,14,14,14,14,14,14,14,14,14,14,14,14,14,14,14,14,15,28,27,34,16,17,17,17,16,16,13,13,13,19,18,18,18,18,18,11,20,21,0,0,1,1,15
CAAR9T,15,15,15,16,17,16,16,16,15,15,16,15,15,15,15,16,16,15,16,16,17,15,15,14,15,15,15,15,15,15,15,15,15,15,15,15,15,15,15,15,15,15,15,15,15,15,15,16,30,29,35,17,20,20,20,19,19,14,14,14,20,20,20,20,20,20,12,20,23,0,0,1,1,16
CAAQUT,15,15,15,16,17,16,16,16,15,15,16,15,15,15,15,16,16,15,16,16,17,15,15,14,15,15,15,15,15,15,15,15,15,15,15,15,15,15,15,15,15,15,15,15,15,15,15,16,30,29,35,17,20,20,20,19,19,14,14,14,19,20,20,20,20,20,12,20,23,1,1,0,0,16
CAARE3,14,14,14,15,16,15,15,15,14,14,15,14,14,14,14,15,15,14,15,15,16,14,14,13,14,14,14,14,14,14,14,14,14,14,14,14,14,14,14,14,14,14,14,14,14,14,14,15,29,28,34,16,19,19,19,18,18,13,13,13,18,19,19,19,19,19,11,19,22,1,1,0,0,15
CLL6CH,14,14,14,15,16,15,15,15,14,14,15,14,14,14,14,15,15,14,15,15,16,14,14,13,14,14,14,14,14,14,14,14,14,14,14,14,14,14,14,14,14,14,14,14,14,14,14,15,27,26,33,16,18,18,18,17,17,13,13,13,19,19,19,19,19,19,11,20,21,15,16,16,15,0
