isolate_id,run_accession,sample_accession,archive_alias,country,region,year,sequence_type,source_type,source_detail
ERR10026000,ERR10026000,ERS12558864,YA00355523,South Africa,Eastern Cape,2022,335,Human,Stool
ERR10087012,ERR10087012,ERS12761375,YA00371431,South Africa,Eastern Cape,2022,335,Human,Rectal swab
ERR10087013,ERR10087013,ERS12761376,YA00369241,South Africa,Eastern Cape,2022,335,Human,Stool
ERR10088101,ERR10088101,ERS12764179,YA00368973,South Africa,Eastern Cape,2022,335,Human,Stool
ERR10088102,ERR10088102,ERS12764180,YA00368212,South Africa,Eastern Cape,2022,335,Human,Blood culture
ERR10088104,ERR10088104,ERS12764182,YA00368976,South Africa,Eastern Cape,2022,335,Human,Other
ERR10088105,ERR10088105,ERS12764183,YA00368216,South Africa,Eastern Cape,2022,335,Human,Stool
ERR10109255,ERR10109255,ERS12792488,YA00373652,South Africa,Eastern Cape,2022,335,Human,Blood culture
ERR10109274,ERR10109274,ERS12792507,YA00377366,South Africa,Eastern Cape,2022,335,Human,Stool
ERR10109275,ERR10109275,ERS12792508,YA00376436,South Africa,Eastern Cape,2022,335,Human,Stool
ERR10109276,ERR10109276,ERS12792509,YA00380346,South Africa,Eastern Cape,2022,335,Human,Rectal swab
ERR10109277,ERR10109277,ERS12792510,YA00376434,South Africa,Eastern Cape,2022,335,Human,Stool
ERR10109287,ERR10109287,ERS12792520,YA00375134,South Africa,Gauteng,2022,216,Human,Stool
ERR10113269,ERR10113269,ERS12799913,YA00366826,South Africa,Gauteng,2022,335,Human,Stool
ERR10117717,ERR10117717,ERS12849498,YA00252373,South Africa,Gauteng,2021,335,Human,Stool
ERR10123158,ERR10123158,ERS12853241,YA00372461,South Africa,Limpopo,2022,335,Human,Stool
ERR10123167,ERR10123167,ERS12853250,YA00373635,South Africa,Eastern Cape,2022,335,Human,Rectal swab
ERR10123168,ERR10123168,ERS12853251,YA00373621,South Africa,Eastern Cape,2022,335,Human,Rectal swab
ERR10125140,ERR10125140,ERS13358373,YA00387366,South Africa,Eastern Cape,2022,335,Human,Stool
ERR10176866,ERR10176866,ERS13445949,YA00394624,South Africa,Eastern Cape,2022,335,Human,Other
ERR10176869,ERR10176869,ERS13445952,YA00389458,South Africa,North West,2022,335,Human,Blood culture
ERR10176870,ERR10176870,ERS13445953,YA00389763,South Africa,Gauteng,2022,335,Human,Stool
ERR10176872,ERR10176872,ERS13445955,YA00372091,South Africa,Eastern Cape,2022,335,Human,Stool
ERR10368770,ERR10368770,ERS13570760,PT_SE0183,Portugal,,2015,216,Human,Clinical
ERR10438737,ERR10438737,ERS13617319,DTU_2021_1003268_1_SI_MOZ_QUE_010,Mozambique,,2020,335,Human,Homo Sapiens; blood
ERR10442662,ERR10442662,ERS13640261,Se_0804,,,NA,216,,
ERR10460483,ERR10460483,ERS13655839,YA00396558,South Africa,Eastern Cape,2022,335,Human,Stool
ERR10460687,ERR10460687,ERS13655949,YA00350538,South Africa,Eastern Cape,2022,335,Human,Stool
ERR10460765,ERR10460765,ERS13656027,YA00392875,South Africa,Eastern Cape,2022,335,Human,Stool
ERR10460856,ERR10460856,ERS13656118,YA00399762,South Africa,Gauteng,2022,335,Human,Stool
ERR10460875,ERR10460875,ERS13656137,YA00365235,South Africa,Eastern Cape,2022,335,Human,Stool
ERR10460887,ERR10460887,ERS13656149,YA00410957,South Africa,Eastern Cape,2022,335,Human,Stool
ERR10460902,ERR10460902,ERS13656164,YA00388587,South Africa,Gauteng,2022,335,Human,Stool
ERR10880116,ERR10880116,ERS14631590,YA00417793,South Africa,Limpopo,2022,335,Human,Blood culture
ERR10880156,ERR10880156,ERS14631629,YA00418598,South Africa,Eastern Cape,2022,335,Human,Other
ERR10880157,ERR10880157,ERS14631630,YA00421874,South Africa,North West,2022,335,Human,Urine
ERR10880181,ERR10880181,ERS14631653,YA00420367,South Africa,Eastern Cape,2022,335,Human,Urine
ERR10880183,ERR10880183,ERS14631655,YA00420406,South Africa,Eastern Cape,2022,335,Human,Urine
ERR10880230,ERR10880230,ERS14631701,YA00400806,South Africa,North West,2022,335,Human,Stool
ERR10880311,ERR10880311,ERS14631781,YA00411637,South Africa,Eastern Cape,2022,335,Human,Urine
ERR10880335,ERR10880335,ERS14631805,YA00418593,South Africa,Eastern Cape,2022,335,Human,Stool
ERR10880377,ERR10880377,ERS14631847,YA00418174,South Africa,Eastern Cape,2022,335,Human,Blood culture
ERR10880424,ERR10880424,ERS14631894,YA00413168,South Africa,Limpopo,2022,335,Human,Other
ERR10949303,ERR10949303,ERS14699583,YA00423756,South Africa,Eastern Cape,2022,335,Human,Stool
ERR10949310,ERR10949310,ERS14699590,YA00423757,South Africa,Eastern Cape,2022,335,Human,Rectal swab
ERR11201713,ERR11201713,ERS14886149,YA00412734,South Africa,Mpumalanga,2022,335,Human,Other
ERR11201827,ERR11201827,ERS14886263,YA00433573,South Africa,Western Cape,2022,335,Human,Stool
ERR11219800,ERR11219800,ERS14904180,YA00431502,South Africa,Gauteng,2022,335,Human,Stool
ERR11219811,ERR11219811,ERS14904191,YA00431365,South Africa,Eastern Cape,2022,335,Human,Other
ERR11420238,ERR11420238,ERS15420059,YA00430952,South Africa,Eastern Cape,2022,335,Human,Blood culture
ERR11437918,ERR11437918,ERS15424282,YA00435908,South Africa,Eastern Cape,2023,335,Human,Rectal swab
ERR11453719,ERR11453719,ERS15482004,YA00426567,South Africa,North West,2022,335,Human,Stool
ERR11455881,ERR11455881,ERS15530597,YA00437484,South Africa,Gauteng,2023,335,Human,Stool
ERR11502778,ERR11502778,ERS15562768,YA00442304,South Africa,Mpumalanga,2023,335,Human,Blood culture
ERR11747320,ERR11747320,ERS16093242,YA00447912,South Africa,Mpumalanga,2023,335,Human,Urine
ERR11747325,ERR11747325,ERS16093247,YA00448394,South Africa,Mpumalanga,2023,335,Human,Blood culture
ERR11807704,ERR11807704,ERS16229032,YA00456802,South Africa,Western Cape,2023,335,Human,Stool
ERR11807709,ERR11807709,ERS16229037,YA00461573,South Africa,Eastern Cape,2023,335,Human,Other
ERR11810274,ERR11810274,ERS16232368,YA00459500,South Africa,Eastern Cape,2023,335,Human,Urine
ERR11872767,ERR11872767,ERS16284746,YA00450055,South Africa,North West,2023,335,Human,Blood culture
ERR11896635,ERR11896635,ERS16295999,YA00466508,South Africa,Eastern Cape,2023,335,Human,Stool
ERR12067314,ERR12067314,ERS16390336,YA00440638,South Africa,Gauteng,2023,335,Human,Blood culture
ERR12067334,ERR12067334,ERS16390356,YA00420676,South Africa,Limpopo,2022,335,Human,Stool
ERR12067371,ERR12067371,ERS16390441,YA00440498,South Africa,Mpumalanga,2023,335,Human,Urine
ERR12078572,ERR12078572,ERS16427368,YA00469326,South Africa,Mpumalanga,2023,335,Human,Stool
ERR12078573,ERR12078573,ERS16427369,YA00469198,South Africa,Eastern Cape,2023,335,Human,Urine
ERR12080226,ERR12080226,ERS16430401,YA00470334,South Africa,Gauteng,2023,335,Human,Blood culture
ERR12091513,ERR12091513,ERS16451565,YA00471997,South Africa,Eastern Cape,2023,335,Human,Blood culture
ERR12142619,ERR12142619,ERS16508086,YA00483896,South Africa,Mpumalanga,2023,335,Human,Stool
ERR12142634,ERR12142634,ERS16508101,YA00473556,South Africa,Gauteng,2023,335,Human,Blood culture
ERR12146144,ERR12146144,ERS16512534,YA00471616,South Africa,Eastern Cape,2023,335,Human,Stool
ERR12165616,ERR12165616,ERS16536124,YA00449050,South Africa,Eastern Cape,2023,335,Human,Stool
ERR12259395,ERR12259395,ERS16917052,YA00474816,South Africa,Eastern Cape,2023,335,Human,Stool
ERR12302226,ERR12302226,ERS17016853,YA00476807,South Africa,Limpopo,2023,335,Human,Blood culture
ERR12312688,ERR12312688,ERS17080491,YA00484011,South Africa,Eastern Cape,2023,335,Human,Stool
ERR12312689,ERR12312689,ERS17080492,YA00484094,South Africa,Eastern Cape,2023,335,Human,Stool
ERR12312692,ERR12312692,ERS17080495,YA00484005,South Africa,Eastern Cape,2023,335,Human,Blood culture
ERR12321280,ERR12321280,ERS17171914,YA00483193,South Africa,Limpopo,2023,335,Human,Stool
ERR12321281,ERR12321281,ERS17171915,YA00483121,South Africa,Gauteng,2023,335,Human,Blood culture
ERR12321282,ERR12321282,ERS17171916,YA00475239,South Africa,Gauteng,2023,335,Human,Stool
ERR12321283,ERR12321283,ERS17171917,YA00475241,South Africa,Gauteng,2023,335,Human,Stool
ERR12321284,ERR12321284,ERS17171918,YA00475313,South Africa,Eastern Cape,2023,335,Human,Stool
ERR12495482,ERR12495482,ERS17748274,YA00487041,South Africa,Mpumalanga,2023,335,Human,Stool
ERR12495485,ERR12495485,ERS17748277,YA00486919,South Africa,Eastern Cape,2023,335,Human,Other
ERR12552377,ERR12552377,ERS18038298,YA00492344,South Africa,Eastern Cape,2023,335,Human,Blood culture
ERR12552381,ERR12552381,ERS18038303,YA00493062,South Africa,Eastern Cape,2023,335,Human,Stool
ERR12552384,ERR12552384,ERS18038306,YA00492459,South Africa,Limpopo,2023,335,Human,Urine
ERR160996,ERR160996,ERS106247,04-1206,,,NA,216,,
ERR3581536,ERR3581536,ERS3859332,19-SA01166-0,Germany,,2019,216,ND/Others,environment
ERR3635266,ERR3635266,ERS3943481,5dbbfadd225a4b9cbfb98368:sample:FD01846311,,,2002,216,,
ERR3635287,ERR3635287,ERS3943502,5dbbfadd225a4b9cbfb98368:sample:FD01846333,,,2007,216,,
ERR4145345,ERR4145345,ERS4396958,5,Nigeria,,2018,216,Poultry,Gallus gallus; Sokoto
ERR4145353,ERR4145353,ERS4396966,13,Nigeria,,2018,216,Poultry,Gallus gallus; Sokoto
ERR4145363,ERR4145363,ERS4396976,23,Nigeria,,2018,216,Poultry,Gallus gallus; Sokoto
ERR4145388,ERR4145388,ERS4397004,51,Nigeria,,2018,216,Poultry,Gallus gallus; Zamfara
ERR4145392,ERR4145392,ERS4397008,55,Nigeria,,2018,216,Poultry,Gallus gallus; Zamfara
ERR4145410,ERR4145410,ERS4397023,70,Nigeria,,2018,216,Poultry,Gallus gallus; Zamfara
ERR4338560,ERR4338560,ERS3475259,NL05.198,Taiwan,,2005,216,Human,
ERR4338896,ERR4338896,ERS3475552,C04.2549,Taiwan,,2004,216,Human,
ERR4399344,ERR4399344,ERS4873383,1090601333,Netherlands,,2006,216,Human,
ERR4399358,ERR4399358,ERS4873397,H1284,South Africa,,2001,335,,
ERR4399362,ERR4399362,ERS4873401,H1296,South Africa,,2001,335,,
ERR4399363,ERR4399363,ERS4873402,H1259,South Africa,,2001,216,,
ERR4399957,ERR4399957,ERS4873996,2517,Uganda,,2001,335,,
ERR4400265,ERR4400265,ERS4874304,H1295,South Africa,,2001,216,,
ERR4400834,ERR4400834,ERS4874873,CG07.304,Taiwan,,2007,216,Human,
ERR4400884,ERR4400884,ERS4874923,H1274,South Africa,,2001,216,,
ERR4401297,ERR4401297,ERS4875336,H2432,South Africa,,2001,216,,
ERR4401298,ERR4401298,ERS4875337,H2342,South Africa,,2001,216,,
ERR4401299,ERR4401299,ERS4875338,2348,South Africa,,2001,216,,
ERR4401589,ERR4401589,ERS4875628,MC_05-0323,Ireland,,2005,1994,Human,"Human, Faeces"
ERR4401598,ERR4401598,ERS4875637,1261,South Africa,,2001,216,,
ERR4451427,ERR4451427,ERS4936998,YA00208923,South Africa,Gauteng,2020,335,Human,"Human, Other"
ERR4451478,ERR4451478,ERS4937049,YA00207952,South Africa,Limpopo,2020,335,Human,"Human, Stool"
ERR5750995,ERR5750995,ERS6282641,YA00213980,South Africa,Gauteng,2020,335,Human,"Human, Stool"
ERR5751227,ERR5751227,ERS6282873,YA00222443,South Africa,KwaZulu-Natal,2020,335,Human,"Human, Stool"
ERR5751296,ERR5751296,ERS6282942,YA00214745,South Africa,Gauteng,2020,335,Human,"Human, Rectal swab"
ERR5751304,ERR5751304,ERS6282950,YA00195036,South Africa,Limpopo,2020,335,Human,"Human, Stool"
ERR5751308,ERR5751308,ERS6282954,YA00195480,South Africa,Gauteng,2020,335,Human,"Human, Stool"
ERR5751726,ERR5751726,ERS6283372,YA00211500,South Africa,Free State,2020,335,Human,"Human, Urine"
ERR5751808,ERR5751808,ERS6283454,YA00193835,South Africa,Gauteng,2020,335,Human,"Human, Other"
ERR6752863,ERR6752863,ERS7770083,YA00194318,South Africa,Limpopo,2020,335,Human,"Human, Other"
ERR6752889,ERR6752889,ERS7770109,YA00193591,South Africa,North West,2020,335,Human,"Human, Urine"
ERR6752971,ERR6752971,ERS7770191,YA00216780,South Africa,KwaZulu-Natal,2020,335,Human,"Human, Stool"
ERR6753111,ERR6753111,ERS7770331,YA00204047,South Africa,Mpumalanga,2020,335,Human,"Human, Stool"
ERR6805990,ERR6805990,ERS7644713,YA00205599,South Africa,Mpumalanga,2020,335,Human,"Human, Rectal swab"
ERR6805998,ERR6805998,ERS7644721,YA00204944,South Africa,Gauteng,2020,335,Human,"Human, Urine"
ERR6806028,ERR6806028,ERS7644751,YA00205490,South Africa,Gauteng,2020,335,Human,"Human, Stool"
ERR6806075,ERR6806075,ERS7644798,RH01768595,South Africa,Gauteng,2021,335,Human,"Human, Urine"
ERR6806125,ERR6806125,ERS7644848,YA00206443,South Africa,Gauteng,2020,335,Human,"Human, Other"
ERR6806255,ERR6806255,ERS7644978,YA00241724,South Africa,Gauteng,2021,335,Human,"Human, Blood culture"
ERR6806317,ERR6806317,ERS7645040,YA00218445,South Africa,Gauteng,2020,335,Human,"Human, Stool"
ERR6806512,ERR6806512,ERS7645233,YA00260571,South Africa,Gauteng,2021,335,Human,"Human, Stool"
ERR6806600,ERR6806600,ERS7645321,YA00259697,South Africa,Gauteng,2021,335,Human,"Human, Urine"
ERR6806632,ERR6806632,ERS7645353,YA00250887,South Africa,Mpumalanga,2021,335,Human,"Human, Other"
ERR6806710,ERR6806710,ERS7645431,YA00203157,South Africa,Eastern Cape,2020,216,Human,Stool
ERR6806714,ERR6806714,ERS7645435,YA00202447,South Africa,Limpopo,2020,335,Human,"Human, Other"
ERR6806726,ERR6806726,ERS7645447,YA00202446,South Africa,Limpopo,2020,335,Human,"Human, Blood culture"
ERR6806749,ERR6806749,ERS7645470,YA00255344,South Africa,Gauteng,2021,335,Human,"Human, Blood culture"
ERR6806776,ERR6806776,ERS7645497,YA00264355,South Africa,Gauteng,2021,335,Human,"Human, Stool"
ERR6806789,ERR6806789,ERS7645510,YA00264356,South Africa,Gauteng,2021,335,Human,"Human, Stool"
ERR6806796,ERR6806796,ERS7645517,YA00198220,South Africa,Mpumalanga,2020,335,Human,"Human, Blood culture"
ERR6806833,ERR6806833,ERS7645554,YA00199684,South Africa,Gauteng,2020,335,Human,"Human, Urine"
ERR7197741,ERR7197741,ERS8210595,YA00257459,South Africa,Gauteng,2021,335,Human,"Human, Stool"
ERR7197757,ERR7197757,ERS8210611,YA00206737,South Africa,Gauteng,2020,335,Human,"Human, Blood culture"
ERR7197834,ERR7197834,ERS8210686,YA00266196,South Africa,Mpumalanga,2021,335,Human,"Human, Urine"
ERR9079508,ERR9079508,ERS10862599,YA00285922,South Africa,Eastern Cape,2021,335,Human,Stool
ERR9079758,ERR9079758,ERS10862849,YA00290299,South Africa,Mpumalanga,2021,335,Human,Blood culture
ERR9079768,ERR9079768,ERS10862859,YA00290253,South Africa,Eastern Cape,2021,335,Human,Stool
ERR9079830,ERR9079830,ERS10862921,YA00290488,South Africa,Limpopo,2021,335,Human,Blood culture
ERR9288082,ERR9288082,ERS11025439,YA00274336,South Africa,Gauteng,2021,335,Human,Blood culture
ERR9288143,ERR9288143,ERS11025500,YA00279474,South Africa,Limpopo,2021,335,Human,Blood culture
ERR9420153,ERR9420153,ERS11375563,YA00292562,South Africa,KwaZulu-Natal,2021,335,Human,Other
ERR9680890,ERR9680890,ERS11915228,YA00194784,South Africa,Gauteng,2020,216,Human,Stool
ERR9692774,ERR9692774,ERS11935911,YA00213828,South Africa,North West,2020,335,Human,Other
ERR9785509,ERR9785509,ERS12086357,YA00341500,South Africa,Eastern Cape,2022,335,Human,Stool
ERR9785510,ERR9785510,ERS12086358,YA00341496,South Africa,Eastern Cape,2022,335,Human,Stool
ERR9785511,ERR9785511,ERS12086359,YA00329860,South Africa,Eastern Cape,2022,335,Human,Stool
ERR9785512,ERR9785512,ERS12086360,YA00334930,South Africa,Eastern Cape,2022,335,Human,Stool
ERR9820422,ERR9820422,ERS12147978,YA00329884,South Africa,Eastern Cape,2022,335,Human,Stool
ERR9822144,ERR9822144,ERS12149061,YA00350534,South Africa,Eastern Cape,2022,335,Human,Stool
ERR9822145,ERR9822145,ERS12149062,YA00350539,South Africa,Eastern Cape,2022,335,Human,Stool
ERR9822146,ERR9822146,ERS12149063,YA00346096,South Africa,Eastern Cape,2022,335,Human,Stool
ERR9822149,ERR9822149,ERS12149066,YA00350537,South Africa,Eastern Cape,2022,335,Human,Stool
ERR9822151,ERR9822151,ERS12149068,YA00350529,South Africa,Eastern Cape,2022,335,Human,Other
ERR9924209,ERR9924209,ERS12382480,YA00235261,South Africa,Free State,2021,335,Human,Stool
ERR9929342,ERR9929342,ERS12419513,YA00352705,South Africa,Western Cape,2022,335,Human,Stool
ERR9939684,ERR9939684,ERS12443980,YA00362305,South Africa,Eastern Cape,2022,335,Human,Stool
ERR9939690,ERR9939690,ERS12443986,YA00361836,South Africa,Mpumalanga,2022,335,Human,Blood culture
ERR9941258,ERR9941258,ERS12446656,YA00363275,South Africa,Western Cape,2022,335,Human,Stool
ERR9966382,ERR9966382,ERS12472969,YA00365251,South Africa,Western Cape,2022,335,Human,Stool
ERR9966386,ERR9966386,ERS12472973,YA00365227,South Africa,Eastern Cape,2022,335,Human,Blood culture
ERR9966387,ERR9966387,ERS12472974,YA00365279,South Africa,Eastern Cape,2022,335,Human,Stool
ERR9966388,ERR9966388,ERS12472975,YA00365231,South Africa,Eastern Cape,2022,335,Human,Stool
ERR9966389,ERR9966389,ERS12472976,YA00365274,South Africa,Eastern Cape,2022,335,Human,Stool
ERR9966390,ERR9966390,ERS12472977,YA00365239,South Africa,Eastern Cape,2022,335,Human,Stool
ERR9971918,ERR9971918,ERS12480441,YA00250275,South Africa,Gauteng,2021,335,Human,Stool
ERR9976609,ERR9976609,ERS12496855,YA00236639,South Africa,Gauteng,2021,335,Human,Stool
SRR10326268,SRR10326268,SRS5556410,824481,United Kingdom,,2019,216,Human,Homo sapiens; human
SRR10992537,SRR10992537,SRS6083279,877348,United Kingdom,,2020,216,Human,Homo sapiens; human
SRR1106363,SRR1106363,SRS528822,BCW_2874,,,NA,3390,,
SRR1106479,SRR1106479,SRS528706,BCW_2703,Taiwan,,2002,216,Human,Homo sapiens; human
SRR1264936,SRR1264936,SRS598390,FMA0126,India,,2011,2261,Plant,red chilli powder
SRR1264948,SRR1264948,SRS598402,FMA0127,India,,2011,2261,Plant,red chilli powder
SRR13277412,SRR13277412,SRS7902263,CFSAN107253,Brazil,,2017,216,Avian,hydrolyzed blood and feather animal meal
SRR13277416,SRR13277416,SRS7902267,CFSAN107254,Brazil,,2017,216,Unspecified Meat,sausage
SRR13277434,SRR13277434,SRS7902285,CFSAN107255,Brazil,,2017,216,Avian,feather animal meal
SRR13311773,SRR13311773,SRS7927857,CFSAN107221,Brazil,,2016,216,Soil/Dust,cleaning wipe
SRR13312061,SRR13312061,SRS7927934,CFSAN107216,Brazil,,2016,216,Soil/Dust,cleaning wipe
SRR13313295,SRR13313295,SRS7929255,CFSAN107271,Brazil,,2018,216,Avian,hydrolized feather animal meal
SRR13313309,SRR13313309,SRS7929272,CFSAN107269,Brazil,,2018,216,Avian,hydrolyzed feather animal meal
SRR13313312,SRR13313312,SRS7929273,CFSAN107283,Brazil,,2018,216,Human,urine; Homo sapiens
SRR13719196,SRR13719196,SRS8264689,CFSAN107245,Brazil,,2017,216,Avian,animal feed; feather animal meal
SRR13719289,SRR13719289,SRS8264772,CFSAN107277,Brazil,,2018,216,Swine,veterinary clinical/research| pig; swine intestine (Sus scrofa)
SRR13719614,SRR13719614,SRS8265095,CFSAN107275,Brazil,,2018,216,Avian,animal feed; hydrolyzed feather animal meal
SRR13833609,SRR13833609,SRS8357639,1112417,United Kingdom,,2021,335,Human,Homo sapiens; human
SRR14360286,SRR14360286,SRS8802471,PNUSAS199782,United States,,2021,216,,
SRR14921286,SRR14921286,SRS9280452,1225720,United Kingdom,,2021,216,Human,Homo sapiens; human
SRR15853458,SRR15853458,SRS10124007,1312766,United Kingdom,,2021,216,ND/Others,animal
SRR16227977,SRR16227977,SRS10471325,1489309,United Kingdom,,2021,216,Human,Homo sapiens; human
SRR16301618,SRR16301618,SRS10536204,1497149,United Kingdom,,2021,216,Human,Homo sapiens; human
SRR1643104,SRR1643104,SRS738464,H121920487,United Kingdom,England,2012,1994,Human,Homo sapiens; human
SRR1646109,SRR1646109,SRS740757,H123060348,United Kingdom,England,2012,216,Human,Homo sapiens; human
SRR1810522,SRR1810522,SRS850547,FDA435770,Indonesia,,2009,1994,Fish,"snapper fillet - frozen, malabar"
SRR1966891,SRR1966891,SRS903511,55561,United Kingdom,England,2014,216,Human,Homo sapiens; human
SRR1967735,SRR1967735,SRS904472,9157,United Kingdom,England,2014,216,Human,Homo sapiens; human
SRR1973602,SRR1973602,SRS909371,CFSAN006185,Colombia,Sucre,2007,216,Dairy,cheese
SRR20212638,SRR20212638,SRS13887098,SLFE_9406,Russia,,NA,216,,
SRR21224019,SRR21224019,SRS14800828,1687449,United Kingdom,,2022,216,Human,Homo sapiens; human
SRR21535455,SRR21535455,SRS15086134,MPSPSA212-2,Mexico,,2021,216,Water/River,environmental-water; River
SRR21535466,SRR21535466,SRS15086139,MPSPSA212-1,Mexico,,2021,216,Water/River,environmental-water; River
SRR2173991,SRR2173991,SRS1039483,FDA00000465,India,,2003,1994,Shellfish,raw shrimp
SRR21787058,SRR21787058,SRS15307356,MPSPSA2084-3,Mexico,,2021,216,Water/River,environmental-water; pond
SRR21787324,SRR21787324,SRS15307594,MPSPSA2084-2,Mexico,,2021,216,Water/River,environmental-water; pond
SRR22163673,SRR22163673,SRS15644016,PNUSAS314347,United States,,2022,1994,,
SRR22175068,SRR22175068,SRS15655135,MPSPSA20100-1,Mexico,,2021,216,Water/River,environmental-water; river
SRR22691594,SRR22691594,SRS16098242,1783233,United Kingdom,,2022,216,Human,Homo sapiens; human
SRR26050334,SRR26050334,SRS18873009,PNUSAS381738,United States,,2023,216,,
SRR26463587,SRR26463587,SRS19225269,AUSMDU00035038,Australia,Victoria,2019,1994,Human,Homo sapiens; FAECES
SRR26858817,SRR26858817,SRS19562298,PNUSAS401743,United States,,2023,216,,
SRR27185117,SRR27185117,SRS19839564,PNUSAS407709,United States,,2023,216,,
SRR27481520,SRR27481520,SRS20103408,W250-20-1,Brazil,,2022,216,Water/River,environmental-water; Stream
SRR27481649,SRR27481649,SRS20103537,W250-22-1,Brazil,,2022,216,Water/River,environmental-water; Stream
SRR27481651,SRR27481651,SRS20103539,W250-33-1,Brazil,,2022,216,Water/River,environmental-water; Stream
SRR27481815,SRR27481815,SRS20103703,W250-15-1,Brazil,,2022,216,Water/River,environmental-water; Stream
SRR27481822,SRR27481822,SRS20103709,W250-11-1,Brazil,,2022,216,Water/River,environmental-water; Stream
SRR27762886,SRR27762886,SRS20282324,PNUSAS417455,United States,,2024,216,,
SRR28295566,SRR28295566,SRS20726766,1841150,United Kingdom,,2021,216,Human,Homo sapiens; human
SRR2917136,SRR2917136,SRS1163110,PNUSAS001164,United States,,2015,216,Human,Age: 60-69; urine
SRR2917137,SRR2917137,SRS1163111,PNUSAS001167,United States,,2015,216,Human,Age: 40-49
SRR2917138,SRR2917138,SRS1163368,PNUSAS001166,United States,,2015,216,Human,Age: 50-59; stool
SRR2917139,SRR2917139,SRS1163371,PNUSAS001165,United States,,2015,216,Human,Age: 50-59; stool
SRR2917140,SRR2917140,SRS1163372,PNUSAS001168,United States,,2015,216,Human,Age: 50-59; urine
SRR2961321,SRR2961321,SRS1180329,PNUSAS001235,United States,,2015,1994,Human,Age: 60-69; urine
SRR3001933,SRR3001933,SRS1207317,PNUSAS001163,United States,,2015,216,Human,Age: 40-49; stool
SRR3002514,SRR3002514,SRS1207369,PNUSAS001232,United States,,2008,216,Human,Age: 30-39; stool
SRR3049609,SRR3049609,SRS1220220,99745,United Kingdom,England,NA,216,Human,Homo sapiens; human
SRR3137069,SRR3137069,SRS1271326,PNUSAS001369,United States,,2015,216,Human,Age: 60-69; stool
SRR3322715,SRR3322715,SRS1371900,135054,United Kingdom,,2015,1994,Human,Homo sapiens; human
SRR5056398,SRR5056398,SRS1819954,SA20041605,,,NA,216,,
SRR5084265,SRR5084265,SRS1841914,PNUSAS006010,United States,,2016,216,Human,Age: 60-69; stool
SRR5121494,SRR5121494,SRS1871658,PNUSAS006009,United States,,2016,216,Human,Age: 50-59; blood
SRR5121497,SRR5121497,SRS1871661,PNUSAS006008,United States,,2015,216,Human,Age: 50-59; urine
SRR5379276,SRR5379276,SRS2073636,PNUSAS009815,United States,,NA,216,,
SRR5799674,SRR5799674,SRS2333035,PNUSAS015517,United States,,2017,1994,Human,Age: 20-29; blood
SRR6107195,SRR6107195,SRS2546827,PNUSAS023144,United States,,NA,216,,
SRR6457657,SRR6457657,SRS2822385,2014AM-0235,United States,,NA,216,,
SRR6684992,SRR6684992,SRS2924811,CDPH_CSalm324,United States,California,2015,1994,Human,Homo sapiens
SRR6685117,SRR6685117,SRS2924685,CDPH_CSalm107,United States,California,2014,1994,Human,Homo sapiens
SRR7130368,SRR7130368,SRS3268540,NC_SIsa424,Brazil,,2016,216,ND/Others,environmental-abattoir; slaughterhouse
SRR7130369,SRR7130369,SRS3268548,NC_SI667,Brazil,,2016,216,ND/Others,environmental-abattoir; slaughterhouse
SRR7130370,SRR7130370,SRS3268551,NC_SIsa425,Brazil,,2016,216,ND/Others,environmental-abattoir; slaughterhouse
SRR7130371,SRR7130371,SRS3268550,NC_SIsa406,Brazil,,2016,216,ND/Others,environmental-abattoir; slaughterhouse
SRR7292689,SRR7292689,SRS3406154,320961,United Kingdom,,2016,1994,Human,Homo sapiens; human
SRR7292863,SRR7292863,SRS3406279,446526,United Kingdom,,2017,216,Human,Homo sapiens; human
SRR7427053,SRR7427053,SRS3460827,122243,United Kingdom,,2015,216,Human,Homo sapiens; human
SRR7457932,SRR7457932,SRS3490531,202248,United Kingdom,,2015,5028,Human,Homo sapiens; human
SRR7467291,SRR7467291,SRS3498154,PNUSAS045284,United States,,NA,216,,
SRR7841631,SRR7841631,SRS3785776,576366,United Kingdom,,2018,216,Human,Homo sapiens; human
SRR7842526,SRR7842526,SRS3786626,591814,United Kingdom,,2018,216,Human,Homo sapiens; human
SRR7850690,SRR7850690,SRS3787773,592638,United Kingdom,,2018,216,Human,Homo sapiens; human
SRR7884719,SRR7884719,SRS3807500,588910,United Kingdom,,2018,216,Human,Homo sapiens; human
SRR8137438,SRR8137438,SRS3998326,607847,United Kingdom,,2018,216,Human,Homo sapiens; human
SRR8293522,SRR8293522,SRS4117556,650052,United Kingdom,,2018,216,Human,Homo sapiens; human
SRR8297279,SRR8297279,SRS4120730,600697,United Kingdom,,2018,216,Human,Homo sapiens; human
SRR8325561,SRR8325561,SRS4149673,653577,United Kingdom,,2018,216,Human,Homo sapiens; human
SRR8350305,SRR8350305,SRS4170645,588907,United Kingdom,,2018,216,Human,Homo sapiens; human
SRR8369293,SRR8369293,SRS4186707,585946,United Kingdom,,2018,216,Human,Homo sapiens; human
SRR8503644,SRR8503644,SRS4305031,511864,United Kingdom,,2018,216,Human,Homo sapiens; human
SRR8706049,SRR8706049,SRS4470608,173707,United Kingdom,,2015,216,Human,Homo sapiens; human
SRR9273829,SRR9273829,SRS4947096,741689,United Kingdom,,2019,335,Human,Homo sapiens; human
SRR952929,SRR952929,SRS470636,FL_FLDACS-07243,United States,Florida,2000,216,Plant,paprika-Raw imported Material
SRR9627787,SRR9627787,SRS5049327,766751,United Kingdom,,2019,216,Human,Homo sapiens; human
SRR9942635,SRR9942635,SRS5248711,781828,United Kingdom,,2019,7036,Human,Homo sapiens; human
