isolate_id,run_accession,sample_accession,lineage,sequence_type,country,source_group
44341_3_304,ERR16714663,ERS29128468,5,335,Malawi,River water
44341_3_305,ERR16714664,ERS29128469,5,335,Malawi,River water
44341_3_281,ERR16714662,ERS29128467,5,335,Malawi,River water
CIV13XE8,ERR16714702,ERS29128507,5,335,Malawi,Neonatal unit sampling
44341_3_128,ERR16714653,ERS29128458,5,335,Malawi,River water
44341_3_131,ERR16714654,ERS29128459,5,335,Malawi,River water
44341_3_136,ERR16714655,ERS29128460,5,335,Malawi,River water
CIV13PE7,ERR16714696,ERS29128501,5,335,Malawi,Neonatal unit sampling
CIT159B1,ERR16714687,ERS29128492,5,335,Malawi,Neonatal unit sampling
CIT15EB1,ERR16714688,ERS29128493,5,335,Malawi,Neonatal unit sampling
CIS153C1,ERR16714684,ERS29128489,5,335,Malawi,Neonatal unit sampling
CIV147E3,ERR16714720,ERS29128525,5,335,Malawi,Neonatal unit sampling
CIT15FH1,ERR16714690,ERS29128495,5,335,Malawi,Neonatal unit sampling
CIV143E2,ERR16714713,ERS29128518,5,335,Malawi,Neonatal unit sampling
CIU145B1,ERR16714694,ERS29128499,5,335,Malawi,Neonatal unit sampling
44341_3_310,ERR16714665,ERS29128470,5,335,Malawi,River water
CIV13XE2,ERR16714700,ERS29128505,5,335,Malawi,Neonatal unit sampling
44341_4_275,ERR16714667,ERS29128472,5,335,Malawi,River water
CIT15FB1,ERR16714689,ERS29128494,5,335,Malawi,Neonatal unit sampling
CIV13XU1,ERR16714703,ERS29128508,5,335,Malawi,Neonatal unit sampling
CIV142E6,ERR16714712,ERS29128517,5,335,Malawi,Neonatal unit sampling
CIV143U1,ERR16714716,ERS29128521,5,335,Malawi,Neonatal unit sampling
CIV143E9,ERR16714715,ERS29128520,5,335,Malawi,Neonatal unit sampling
CNS1F3,ERR16714723,ERS29128528,5,335,Malawi,QECH clinical
CAAYSI,ERR16714683,ERS29128488,5,335,Malawi,QECH clinical
CIT15GS1,ERR16714692,ERS29128497,5,335,Malawi,Neonatal unit sampling
CIV13RE2,ERR16714697,ERS29128502,5,335,Malawi,Neonatal unit sampling
CIV141E6,ERR16714711,ERS29128516,5,335,Malawi,Neonatal unit sampling
CIS15HB1,ERR16714685,ERS29128490,5,335,Malawi,Neonatal unit sampling
CIV140U1,ERR16714710,ERS29128515,5,335,Malawi,Neonatal unit sampling
CIV140E4,ERR16714707,ERS29128512,5,335,Malawi,Neonatal unit sampling
CIV140E7,ERR16714709,ERS29128514,5,335,Malawi,Neonatal unit sampling
CAAXQV,ERR16714680,ERS29128485,5,335,Malawi,QECH clinical
CIV13UE4,ERR16714698,ERS29128503,5,335,Malawi,Neonatal unit sampling
CIS15MR1,ERR16714686,ERS29128491,5,335,Malawi,Neonatal unit sampling
CIV13YE6,ERR16714704,ERS29128509,5,335,Malawi,Neonatal unit sampling
CIV143E4,ERR16714714,ERS29128519,5,335,Malawi,Neonatal unit sampling
CIV13XE5,ERR16714701,ERS29128506,5,335,Malawi,Neonatal unit sampling
CIT15GH1,ERR16714691,ERS29128496,5,335,Malawi,Neonatal unit sampling
CIV140E1,ERR16714706,ERS29128511,5,335,Malawi,Neonatal unit sampling
CIV140E6,ERR16714708,ERS29128513,5,335,Malawi,Neonatal unit sampling
CIU13XS1,ERR16714693,ERS29128498,5,335,Malawi,Neonatal unit sampling
CIV146E8,ERR16714719,ERS29128524,5,335,Malawi,Neonatal unit sampling
CIU149H1,ERR16714695,ERS29128500,5,335,Malawi,Neonatal unit sampling
CIV144E6,ERR16714717,ERS29128522,5,335,Malawi,Neonatal unit sampling
CIV13VE5,ERR16714699,ERS29128504,5,335,Malawi,Neonatal unit sampling
CIV13YE8,ERR16714705,ERS29128510,5,335,Malawi,Neonatal unit sampling
CIV144U1,ERR16714718,ERS29128523,5,335,Malawi,Neonatal unit sampling
CNSP0U,ERR16714732,ERS29128537,5,335,Malawi,QECH clinical
CNSKFP,ERR16714729,ERS29128534,5,335,Malawi,QECH clinical
CNSLL4,ERR16714730,ERS29128535,5,335,Malawi,QECH clinical
ERR9941258,ERR9941258,ERS12446656,5,335,South Africa,Other
ERR9929342,ERR9929342,ERS12419513,5,335,South Africa,Other
ERR9966382,ERR9966382,ERS12472969,5,335,South Africa,Other
CLL3JA,ERR16714721,ERS29128526,5,335,Malawi,QECH clinical
CNS7YP,ERR16714726,ERS29128531,5,335,Malawi,QECH clinical
BKRRIF,ERR16714670,ERS29128475,5,335,Malawi,QECH clinical
CNS6QU,ERR16714725,ERS29128530,5,335,Malawi,QECH clinical
44341_3_96,ERR16714666,ERS29128471,5,335,Malawi,River water
44341_3_21,ERR16714657,ERS29128462,5,335,Malawi,River water
BKRMVD,ERR16714669,ERS29128474,5,335,Malawi,QECH clinical
CAAYDF,ERR16714681,ERS29128486,5,335,Malawi,QECH clinical
CAAXBN,ERR16714679,ERS29128484,5,335,Malawi,QECH clinical
44341_3_165,ERR16714656,ERS29128461,5,335,Malawi,River water
44341_3_262,ERR16714658,ERS29128463,5,335,Malawi,River water
44341_3_265,ERR16714659,ERS29128464,5,335,Malawi,River water
44341_4_286,ERR16714668,ERS29128473,5,335,Malawi,River water
44341_3_268,ERR16714660,ERS29128465,5,335,Malawi,River water
44341_3_280,ERR16714661,ERS29128466,5,335,Malawi,River water
CAAP2A,ERR16714672,ERS29128477,5,335,Malawi,QECH clinical
CNSFP4,ERR16714728,ERS29128533,5,335,Malawi,QECH clinical
CNSDXZ,ERR16714727,ERS29128532,5,335,Malawi,QECH clinical
CAAQXB,ERR16714675,ERS29128480,5,335,Malawi,QECH clinical
CAAR9T,ERR16714676,ERS29128481,5,335,Malawi,QECH clinical
CAAQUT,ERR16714674,ERS29128479,5,335,Malawi,QECH clinical
CAARE3,ERR16714677,ERS29128482,5,335,Malawi,QECH clinical
CLL6CH,ERR16714722,ERS29128527,5,335,Malawi,QECH clinical
ERR10438737,ERR10438737,ERS13617319,5,335,Mozambique,Other
ERR10113269,ERR10113269,ERS12799913,5,335,South Africa,Other
ERR6752971,ERR6752971,ERS7770191,5,335,South Africa,Other
ERR5751227,ERR5751227,ERS6282873,5,335,South Africa,Other
ERR9976609,ERR9976609,ERS12496855,5,335,South Africa,Other
ERR11219800,ERR11219800,ERS14904180,5,335,South Africa,Other
ERR12142619,ERR12142619,ERS16508086,5,335,South Africa,Other
ERR11747325,ERR11747325,ERS16093247,5,335,South Africa,Other
ERR11502778,ERR11502778,ERS15562768,5,335,South Africa,Other
ERR7197834,ERR7197834,ERS8210686,5,335,South Africa,Other
ERR9079758,ERR9079758,ERS10862849,5,335,South Africa,Other
ERR6806255,ERR6806255,ERS7644978,5,335,South Africa,Other
ERR6805990,ERR6805990,ERS7644713,5,335,South Africa,Other
ERR6806776,ERR6806776,ERS7645497,5,335,South Africa,Other
ERR5750995,ERR5750995,ERS6282641,5,335,South Africa,Other
ERR6806749,ERR6806749,ERS7645470,5,335,South Africa,Other
ERR6805998,ERR6805998,ERS7644721,5,335,South Africa,Other
ERR6806833,ERR6806833,ERS7645554,5,335,South Africa,Other
ERR12080226,ERR12080226,ERS16430401,5,335,South Africa,Other
ERR12321283,ERR12321283,ERS17171917,5,335,South Africa,Other
ERR12321282,ERR12321282,ERS17171916,5,335,South Africa,Other
ERR12067314,ERR12067314,ERS16390336,5,335,South Africa,Other
ERR12321281,ERR12321281,ERS17171915,5,335,South Africa,Other
ERR12142634,ERR12142634,ERS16508101,5,335,South Africa,Other
ERR6753111,ERR6753111,ERS7770331,5,335,South Africa,Other
ERR6806796,ERR6806796,ERS7645517,5,335,South Africa,Other
ERR6806789,ERR6806789,ERS7645510,5,335,South Africa,Other
ERR9971918,ERR9971918,ERS12480441,5,335,South Africa,Other
ERR7197741,ERR7197741,ERS8210595,5,335,South Africa,Other
ERR5751808,ERR5751808,ERS6283454,5,335,South Africa,Other
ERR12321280,ERR12321280,ERS17171914,5,335,South Africa,Other
ERR9692774,ERR9692774,ERS11935911,5,335,South Africa,Other
ERR6752863,ERR6752863,ERS7770083,5,335,South Africa,Other
SRR9273829,SRR9273829,SRS4947096,5,335,United Kingdom,Other
ERR9079830,ERR9079830,ERS10862921,5,335,South Africa,Other
ERR10880116,ERR10880116,ERS14631590,5,335,South Africa,Other
ERR5751304,ERR5751304,ERS6282950,5,335,South Africa,Other
ERR6806714,ERR6806714,ERS7645435,5,335,South Africa,Other
ERR5751296,ERR5751296,ERS6282942,5,335,South Africa,Other
ERR4451427,ERR4451427,ERS4936998,5,335,South Africa,Other
ERR6806125,ERR6806125,ERS7644848,5,335,South Africa,Other
ERR6806317,ERR6806317,ERS7645040,5,335,South Africa,Other
ERR12067371,ERR12067371,ERS16390441,5,335,South Africa,Other
ERR6806075,ERR6806075,ERS7644798,5,335,South Africa,Other
ERR10176870,ERR10176870,ERS13445953,5,335,South Africa,Other
ERR10460856,ERR10460856,ERS13656118,5,335,South Africa,Other
ERR10460902,ERR10460902,ERS13656164,5,335,South Africa,Other
ERR6806726,ERR6806726,ERS7645447,5,335,South Africa,Other
ERR12078572,ERR12078572,ERS16427368,5,335,South Africa,Other
ERR11747320,ERR11747320,ERS16093242,5,335,South Africa,Other
ERR12495482,ERR12495482,ERS17748274,5,335,South Africa,Other
ERR5751726,ERR5751726,ERS6283372,5,335,South Africa,Other
ERR6806512,ERR6806512,ERS7645233,5,335,South Africa,Other
ERR9924209,ERR9924209,ERS12382480,5,335,South Africa,Other
ERR10460483,ERR10460483,ERS13655839,4,335,South Africa,South African outbreak
ERR9785511,ERR9785511,ERS12086359,4,335,South Africa,South African outbreak
ERR10087012,ERR10087012,ERS12761375,4,335,South Africa,South African outbreak
ERR9079768,ERR9079768,ERS10862859,4,335,South Africa,Other
ERR9822149,ERR9822149,ERS12149066,4,335,South Africa,South African outbreak
ERR9822145,ERR9822145,ERS12149062,4,335,South Africa,South African outbreak
ERR9822146,ERR9822146,ERS12149063,4,335,South Africa,South African outbreak
ERR9785509,ERR9785509,ERS12086357,4,335,South Africa,South African outbreak
ERR10176872,ERR10176872,ERS13445955,4,335,South Africa,South African outbreak
ERR9966389,ERR9966389,ERS12472976,4,335,South Africa,South African outbreak
ERR10460765,ERR10460765,ERS13656027,4,335,South Africa,South African outbreak
ERR10109275,ERR10109275,ERS12792508,4,335,South Africa,South African outbreak
ERR11807704,ERR11807704,ERS16229032,4,335,South Africa,Other
ERR10109276,ERR10109276,ERS12792509,4,335,South Africa,South African outbreak
ERR9785510,ERR9785510,ERS12086358,4,335,South Africa,South African outbreak
ERR9820422,ERR9820422,ERS12147978,4,335,South Africa,South African outbreak
ERR10880181,ERR10880181,ERS14631653,4,335,South Africa,Other
ERR10088101,ERR10088101,ERS12764179,4,335,South Africa,South African outbreak
ERR12312688,ERR12312688,ERS17080491,4,335,South Africa,Other
ERR11201827,ERR11201827,ERS14886263,4,335,South Africa,Other
ERR12312689,ERR12312689,ERS17080492,4,335,South Africa,Other
ERR12495485,ERR12495485,ERS17748277,4,335,South Africa,Other
ERR12312692,ERR12312692,ERS17080495,4,335,South Africa,Other
ERR10123168,ERR10123168,ERS12853251,4,335,South Africa,South African outbreak
ERR10123167,ERR10123167,ERS12853250,4,335,South Africa,South African outbreak
ERR9966387,ERR9966387,ERS12472974,4,335,South Africa,South African outbreak
ERR10949310,ERR10949310,ERS14699590,4,335,South Africa,Other
ERR10460875,ERR10460875,ERS13656137,4,335,South Africa,South African outbreak
ERR9966390,ERR9966390,ERS12472977,4,335,South Africa,South African outbreak
ERR10176866,ERR10176866,ERS13445949,4,335,South Africa,South African outbreak
ERR10460687,ERR10460687,ERS13655949,4,335,South Africa,South African outbreak
ERR12078573,ERR12078573,ERS16427369,4,335,South Africa,Other
ERR9785512,ERR9785512,ERS12086360,4,335,South Africa,South African outbreak
ERR12165616,ERR12165616,ERS16536124,4,335,South Africa,Other
ERR10460887,ERR10460887,ERS13656149,4,335,South Africa,South African outbreak
ERR10880335,ERR10880335,ERS14631805,4,335,South Africa,Other
ERR10880156,ERR10880156,ERS14631629,4,335,South Africa,Other
ERR10880377,ERR10880377,ERS14631847,4,335,South Africa,Other
ERR10088105,ERR10088105,ERS12764183,4,335,South Africa,South African outbreak
ERR12321284,ERR12321284,ERS17171918,4,335,South Africa,Other
ERR9966388,ERR9966388,ERS12472975,4,335,South Africa,South African outbreak
ERR10026000,ERR10026000,ERS12558864,4,335,South Africa,South African outbreak
ERR9822144,ERR9822144,ERS12149061,4,335,South Africa,South African outbreak
ERR10088104,ERR10088104,ERS12764182,4,335,South Africa,South African outbreak
ERR10088102,ERR10088102,ERS12764180,4,335,South Africa,South African outbreak
ERR9822151,ERR9822151,ERS12149068,4,335,South Africa,South African outbreak
ERR10109255,ERR10109255,ERS12792488,4,335,South Africa,South African outbreak
ERR11810274,ERR11810274,ERS16232368,4,335,South Africa,Other
ERR9966386,ERR9966386,ERS12472973,4,335,South Africa,South African outbreak
ERR12259395,ERR12259395,ERS16917052,4,335,South Africa,Other
ERR12091513,ERR12091513,ERS16451565,4,335,South Africa,Other
ERR10125140,ERR10125140,ERS13358373,4,335,South Africa,South African outbreak
ERR10949303,ERR10949303,ERS14699583,4,335,South Africa,Other
ERR10109277,ERR10109277,ERS12792510,4,335,South Africa,South African outbreak
ERR10087013,ERR10087013,ERS12761376,4,335,South Africa,South African outbreak
ERR12146144,ERR12146144,ERS16512534,4,335,South Africa,Other
ERR11219811,ERR11219811,ERS14904191,4,335,South Africa,Other
ERR11420238,ERR11420238,ERS15420059,4,335,South Africa,Other
ERR11437918,ERR11437918,ERS15424282,4,335,South Africa,Other
ERR11807709,ERR11807709,ERS16229037,4,335,South Africa,Other
ERR10880183,ERR10880183,ERS14631655,4,335,South Africa,Other
ERR10880311,ERR10880311,ERS14631781,4,335,South Africa,Other
ERR10109274,ERR10109274,ERS12792507,4,335,South Africa,South African outbreak
ERR12552381,ERR12552381,ERS18038303,4,335,South Africa,Other
ERR12552377,ERR12552377,ERS18038298,4,335,South Africa,Other
ERR11896635,ERR11896635,ERS16295999,4,335,South Africa,Other
ERR9079508,ERR9079508,ERS10862599,4,335,South Africa,Other
ERR9420153,ERR9420153,ERS11375563,4,335,South Africa,Other
ERR10117717,ERR10117717,ERS12849498,4,335,South Africa,Other
ERR6806600,ERR6806600,ERS7645321,4,335,South Africa,Other
ERR7197757,ERR7197757,ERS8210611,4,335,South Africa,Other
ERR6806028,ERR6806028,ERS7644751,4,335,South Africa,Other
ERR9288082,ERR9288082,ERS11025439,4,335,South Africa,Other
ERR11455881,ERR11455881,ERS15530597,4,335,South Africa,Other
ERR6806632,ERR6806632,ERS7645353,4,335,South Africa,Other
ERR4451478,ERR4451478,ERS4937049,4,335,South Africa,Other
ERR12302226,ERR12302226,ERS17016853,4,335,South Africa,Other
ERR12552384,ERR12552384,ERS18038306,4,335,South Africa,Other
ERR12067334,ERR12067334,ERS16390356,4,335,South Africa,Other
ERR10880424,ERR10880424,ERS14631894,4,335,South Africa,Other
ERR10123158,ERR10123158,ERS12853241,4,335,South Africa,Other
ERR10176869,ERR10176869,ERS13445952,4,335,South Africa,Other
ERR10880230,ERR10880230,ERS14631701,4,335,South Africa,Other
ERR11453719,ERR11453719,ERS15482004,4,335,South Africa,Other
ERR10880157,ERR10880157,ERS14631630,4,335,South Africa,Other
ERR11872767,ERR11872767,ERS16284746,4,335,South Africa,Other
ERR6752889,ERR6752889,ERS7770109,4,335,South Africa,Other
ERR9288143,ERR9288143,ERS11025500,4,335,South Africa,Other
ERR5751308,ERR5751308,ERS6282954,4,335,South Africa,Other
ERR4399358,ERR4399358,ERS4873397,4,335,South Africa,Other
ERR4399957,ERR4399957,ERS4873996,4,335,Uganda,Other
ERR4399362,ERR4399362,ERS4873401,4,335,South Africa,Other
SRR13833609,SRR13833609,SRS8357639,4,335,United Kingdom,Other
SRR13719289,SRR13719289,SRS8264772,1,216,Brazil,Other
SRR13719614,SRR13719614,SRS8265095,1,216,Brazil,Other
SRR13313312,SRR13313312,SRS7929273,1,216,Brazil,Other
SRR13313295,SRR13313295,SRS7929255,1,216,Brazil,Other
SRR13719196,SRR13719196,SRS8264689,1,216,Brazil,Other
SRR13277434,SRR13277434,SRS7902285,1,216,Brazil,Other
SRR13277416,SRR13277416,SRS7902267,1,216,Brazil,Other
SRR13277412,SRR13277412,SRS7902263,1,216,Brazil,Other
SRR13311773,SRR13311773,SRS7927857,1,216,Brazil,Other
SRR13313309,SRR13313309,SRS7929272,1,216,Brazil,Other
SRR27481822,SRR27481822,SRS20103709,1,216,Brazil,Other
SRR27481651,SRR27481651,SRS20103539,1,216,Brazil,Other
SRR27481649,SRR27481649,SRS20103537,1,216,Brazil,Other
SRR27481520,SRR27481520,SRS20103408,1,216,Brazil,Other
SRR27481815,SRR27481815,SRS20103703,1,216,Brazil,Other
SRR7130368,SRR7130368,SRS3268540,1,216,Brazil,Other
SRR7130370,SRR7130370,SRS3268551,1,216,Brazil,Other
SRR7130371,SRR7130371,SRS3268550,1,216,Brazil,Other
SRR13312061,SRR13312061,SRS7927934,1,216,Brazil,Other
SRR7130369,SRR7130369,SRS3268548,1,216,Brazil,Other
ERR4400834,ERR4400834,ERS4874873,1,216,Taiwan,Other
ERR4338896,ERR4338896,ERS3475552,1,216,Taiwan,Other
ERR4338560,ERR4338560,ERS3475259,1,216,Taiwan,Other
SRR1106479,SRR1106479,SRS528706,1,216,Taiwan,Other
ERR3581536,ERR3581536,ERS3859332,1,216,Germany,Other
SRR8369293,SRR8369293,SRS4186707,1,216,United Kingdom,Other
SRR7842526,SRR7842526,SRS3786626,1,216,United Kingdom,Other
SRR8297279,SRR8297279,SRS4120730,1,216,United Kingdom,Other
SRR7850690,SRR7850690,SRS3787773,1,216,United Kingdom,Other
SRR7884719,SRR7884719,SRS3807500,1,216,United Kingdom,Other
SRR8350305,SRR8350305,SRS4170645,1,216,United Kingdom,Other
SRR15853458,SRR15853458,SRS10124007,1,216,United Kingdom,Other
SRR21224019,SRR21224019,SRS14800828,1,216,United Kingdom,Other
SRR20212638,SRR20212638,SRS13887098,1,216,Russia,Other
SRR8706049,SRR8706049,SRS4470608,1,216,United Kingdom,Other
SRR16227977,SRR16227977,SRS10471325,1,216,United Kingdom,Other
ERR4399344,ERR4399344,ERS4873383,1,216,Netherlands,Other
SRR7841631,SRR7841631,SRS3785776,1,216,United Kingdom,Other
SRR22691594,SRR22691594,SRS16098242,1,216,United Kingdom,Other
SRR16301618,SRR16301618,SRS10536204,1,216,United Kingdom,Other
ERR10109287,ERR10109287,ERS12792520,1,216,South Africa,Other
ERR9680890,ERR9680890,ERS11915228,1,216,South Africa,Other
SRR14921286,SRR14921286,SRS9280452,3,216,United Kingdom,Other
SRR28295566,SRR28295566,SRS20726766,3,216,United Kingdom,Other
ERR4145363,ERR4145363,ERS4396976,3,216,Nigeria,Other
ERR4145392,ERR4145392,ERS4397008,3,216,Nigeria,Other
ERR4145410,ERR4145410,ERS4397023,3,216,Nigeria,Other
ERR4145345,ERR4145345,ERS4396958,3,216,Nigeria,Other
SRR8325561,SRR8325561,SRS4149673,3,216,United Kingdom,Other
SRR8293522,SRR8293522,SRS4117556,3,216,United Kingdom,Other
ERR4145388,ERR4145388,ERS4397004,3,216,Nigeria,Other
ERR4145353,ERR4145353,ERS4396966,3,216,Nigeria,Other
SRR10326268,SRR10326268,SRS5556410,3,216,United Kingdom,Other
SRR9627787,SRR9627787,SRS5049327,3,216,United Kingdom,Other
SRR27762886,SRR27762886,SRS20282324,3,216,United States,Other
SRR10992537,SRR10992537,SRS6083279,3,216,United Kingdom,Other
SRR1646109,SRR1646109,SRS740757,3,216,United Kingdom,Other
SRR7427053,SRR7427053,SRS3460827,3,216,United Kingdom,Other
SRR8503644,SRR8503644,SRS4305031,3,216,United Kingdom,Other
SRR7457932,SRR7457932,SRS3490531,3,5028,United Kingdom,Other
SRR2917137,SRR2917137,SRS1163111,2,216,United States,Other
SRR2917139,SRR2917139,SRS1163371,2,216,United States,Other
SRR3137069,SRR3137069,SRS1271326,2,216,United States,Other
SRR6107195,SRR6107195,SRS2546827,2,216,United States,Other
SRR2917138,SRR2917138,SRS1163368,2,216,United States,Other
SRR2917136,SRR2917136,SRS1163110,2,216,United States,Other
SRR5084265,SRR5084265,SRS1841914,2,216,United States,Other
SRR5121494,SRR5121494,SRS1871658,2,216,United States,Other
SRR3001933,SRR3001933,SRS1207317,2,216,United States,Other
SRR5121497,SRR5121497,SRS1871661,2,216,United States,Other
SRR2917140,SRR2917140,SRS1163372,2,216,United States,Other
ERR10368770,ERR10368770,ERS13570760,2,216,Portugal,Other
ERR160996,ERR160996,ERS106247,2,216,Other,Other
SRR5056398,SRR5056398,SRS1819954,2,216,Other,Other
ERR3635287,ERR3635287,ERS3943502,2,216,Other,Other
SRR22175068,SRR22175068,SRS15655135,2,216,Mexico,Other
SRR21787058,SRR21787058,SRS15307356,2,216,Mexico,Other
SRR21787324,SRR21787324,SRS15307594,2,216,Mexico,Other
SRR26858817,SRR26858817,SRS19562298,2,216,United States,Other
SRR27185117,SRR27185117,SRS19839564,2,216,United States,Other
SRR21535455,SRR21535455,SRS15086134,2,216,Mexico,Other
SRR21535466,SRR21535466,SRS15086139,2,216,Mexico,Other
SRR26050334,SRR26050334,SRS18873009,2,216,United States,Other
SRR5379276,SRR5379276,SRS2073636,2,216,United States,Other
SRR6457657,SRR6457657,SRS2822385,2,216,United States,Other
SRR14360286,SRR14360286,SRS8802471,2,216,United States,Other
SRR8137438,SRR8137438,SRS3998326,2,216,United Kingdom,Other
ERR3635266,ERR3635266,ERS3943481,2,216,Other,Other
SRR1973602,SRR1973602,SRS909371,2,216,Colombia,Other
SRR3002514,SRR3002514,SRS1207369,2,216,United States,Other
SRR7467291,SRR7467291,SRS3498154,2,216,United States,Other
ERR4400884,ERR4400884,ERS4874923,2,216,South Africa,Other
ERR4399363,ERR4399363,ERS4873402,2,216,South Africa,Other
ERR4401298,ERR4401298,ERS4875337,2,216,South Africa,Other
ERR4400265,ERR4400265,ERS4874304,2,216,South Africa,Other
ERR4401598,ERR4401598,ERS4875637,2,216,South Africa,Other
ERR4401297,ERR4401297,ERS4875336,2,216,South Africa,Other
ERR4401299,ERR4401299,ERS4875338,2,216,South Africa,Other
ERR6806710,ERR6806710,ERS7645431,2,216,South Africa,Other
SRR952929,SRR952929,SRS470636,2,216,United States,Other
SRR7292863,SRR7292863,SRS3406279,2,216,United Kingdom,Other
SRR1966891,SRR1966891,SRS903511,2,216,United Kingdom,Other
SRR1967735,SRR1967735,SRS904472,2,216,United Kingdom,Other
