population,panel_id,isolate_id,population_tip_order,panel_tip_order,lineage,run_accession
CC25,CC25-01,44341_3_304,1,1,5,ERR16714663
CC25,CC25-01,44341_3_305,2,2,5,ERR16714664
CC25,CC25-01,44341_3_281,3,3,5,ERR16714662
CC25,CC25-01,CIV13XE8,4,4,5,ERR16714702
CC25,CC25-01,44341_3_128,5,5,5,ERR16714653
CC25,CC25-01,44341_3_131,6,6,5,ERR16714654
CC25,CC25-01,44341_3_136,7,7,5,ERR16714655
CC25,CC25-01,CIV13PE7,8,8,5,ERR16714696
CC25,CC25-01,CIT159B1,9,9,5,ERR16714687
CC25,CC25-01,CIT15EB1,10,10,5,ERR16714688
CC25,CC25-01,CIS153C1,11,11,5,ERR16714684
CC25,CC25-01,CIV147E3,12,12,5,ERR16714720
CC25,CC25-01,CIT15FH1,13,13,5,ERR16714690
CC25,CC25-01,CIV143E2,14,14,5,ERR16714713
CC25,CC25-01,CIU145B1,15,15,5,ERR16714694
CC25,CC25-01,44341_3_310,16,16,5,ERR16714665
CC25,CC25-01,CIV13XE2,17,17,5,ERR16714700
CC25,CC25-01,44341_4_275,18,18,5,ERR16714667
CC25,CC25-01,CIT15FB1,19,19,5,ERR16714689
CC25,CC25-01,CIV13XU1,20,20,5,ERR16714703
CC25,CC25-01,CIV142E6,21,21,5,ERR16714712
CC25,CC25-01,CIV143U1,22,22,5,ERR16714716
CC25,CC25-01,CIV143E9,23,23,5,ERR16714715
CC25,CC25-01,CNS1F3,24,24,5,ERR16714723
CC25,CC25-01,CAAYSI,25,25,5,ERR16714683
CC25,CC25-01,CIT15GS1,26,26,5,ERR16714692
CC25,CC25-01,CIV13RE2,27,27,5,ERR16714697
CC25,CC25-01,CIV141E6,28,28,5,ERR16714711
CC25,CC25-01,CIS15HB1,29,29,5,ERR16714685
CC25,CC25-01,CIV140U1,30,30,5,ERR16714710
CC25,CC25-01,CIV140E4,31,31,5,ERR16714707
CC25,CC25-01,CIV140E7,32,32,5,ERR16714709
CC25,CC25-01,CAAXQV,33,33,5,ERR16714680
CC25,CC25-02,CIV13UE4,34,1,5,ERR16714698
CC25,CC25-02,CIS15MR1,35,2,5,ERR16714686
CC25,CC25-02,CIV13YE6,36,3,5,ERR16714704
CC25,CC25-02,CIV143E4,37,4,5,ERR16714714
CC25,CC25-02,CIV13XE5,38,5,5,ERR16714701
CC25,CC25-02,CIT15GH1,39,6,5,ERR16714691
CC25,CC25-02,CIV140E1,40,7,5,ERR16714706
CC25,CC25-02,CIV140E6,41,8,5,ERR16714708
CC25,CC25-02,CIU13XS1,42,9,5,ERR16714693
CC25,CC25-02,CIV146E8,43,10,5,ERR16714719
CC25,CC25-02,CIU149H1,44,11,5,ERR16714695
CC25,CC25-02,CIV144E6,45,12,5,ERR16714717
CC25,CC25-02,CIV13VE5,46,13,5,ERR16714699
CC25,CC25-02,CIV13YE8,47,14,5,ERR16714705
CC25,CC25-02,CIV144U1,48,15,5,ERR16714718
CC25,CC25-02,CNSP0U,49,16,5,ERR16714732
CC25,CC25-02,CNSKFP,50,17,5,ERR16714729
CC25,CC25-02,CNSLL4,51,18,5,ERR16714730
CC25,CC25-02,ERR9941258,52,19,5,ERR9941258
CC25,CC25-02,ERR9929342,53,20,5,ERR9929342
CC25,CC25-02,ERR9966382,54,21,5,ERR9966382
CC25,CC25-02,CLL3JA,55,22,5,ERR16714721
CC25,CC25-02,CNS7YP,56,23,5,ERR16714726
CC25,CC25-02,BKRRIF,57,24,5,ERR16714670
CC25,CC25-02,CNS6QU,58,25,5,ERR16714725
CC25,CC25-02,44341_3_96,59,26,5,ERR16714666
CC25,CC25-02,44341_3_21,60,27,5,ERR16714657
CC25,CC25-02,BKRMVD,61,28,5,ERR16714669
CC25,CC25-02,CAAYDF,62,29,5,ERR16714681
CC25,CC25-02,CAAXBN,63,30,5,ERR16714679
CC25,CC25-02,44341_3_165,64,31,5,ERR16714656
CC25,CC25-02,44341_3_262,65,32,5,ERR16714658
CC25,CC25-02,44341_3_265,66,33,5,ERR16714659
CC25,CC25-03,44341_4_286,67,1,5,ERR16714668
CC25,CC25-03,44341_3_268,68,2,5,ERR16714660
CC25,CC25-03,44341_3_280,69,3,5,ERR16714661
CC25,CC25-03,CAAP2A,70,4,5,ERR16714672
CC25,CC25-03,CNSFP4,71,5,5,ERR16714728
CC25,CC25-03,CNSDXZ,72,6,5,ERR16714727
CC25,CC25-03,CAAQXB,73,7,5,ERR16714675
CC25,CC25-03,CAAR9T,74,8,5,ERR16714676
CC25,CC25-03,CAAQUT,75,9,5,ERR16714674
CC25,CC25-03,CAARE3,76,10,5,ERR16714677
CC25,CC25-03,CLL6CH,77,11,5,ERR16714722
CC25,CC25-03,ERR10438737,78,12,5,ERR10438737
CC25,CC25-03,ERR10113269,79,13,5,ERR10113269
CC25,CC25-03,ERR6752971,80,14,5,ERR6752971
CC25,CC25-03,ERR5751227,81,15,5,ERR5751227
CC25,CC25-03,ERR9976609,82,16,5,ERR9976609
CC25,CC25-03,ERR11219800,83,17,5,ERR11219800
CC25,CC25-03,ERR12142619,84,18,5,ERR12142619
CC25,CC25-03,ERR11747325,85,19,5,ERR11747325
CC25,CC25-03,ERR11502778,86,20,5,ERR11502778
CC25,CC25-03,ERR7197834,87,21,5,ERR7197834
CC25,CC25-03,ERR9079758,88,22,5,ERR9079758
CC25,CC25-03,ERR6806255,89,23,5,ERR6806255
CC25,CC25-03,ERR6805990,90,24,5,ERR6805990
CC25,CC25-03,ERR6806776,91,25,5,ERR6806776
CC25,CC25-03,ERR5750995,92,26,5,ERR5750995
CC25,CC25-03,ERR6806749,93,27,5,ERR6806749
CC25,CC25-03,ERR6805998,94,28,5,ERR6805998
CC25,CC25-03,ERR6806833,95,29,5,ERR6806833
CC25,CC25-03,ERR12080226,96,30,5,ERR12080226
CC25,CC25-03,ERR12321283,97,31,5,ERR12321283
CC25,CC25-03,ERR12321282,98,32,5,ERR12321282
CC25,CC25-03,ERR12067314,99,33,5,ERR12067314
CC25,CC25-04,ERR12321281,100,1,5,ERR12321281
CC25,CC25-04,ERR12142634,101,2,5,ERR12142634
CC25,CC25-04,ERR6753111,102,3,5,ERR6753111
CC25,CC25-04,ERR6806796,103,4,5,ERR6806796
CC25,CC25-04,ERR6806789,104,5,5,ERR6806789
CC25,CC25-04,ERR9971918,105,6,5,ERR9971918
CC25,CC25-04,ERR7197741,106,7,5,ERR7197741
CC25,CC25-04,ERR5751808,107,8,5,ERR5751808
CC25,CC25-04,ERR12321280,108,9,5,ERR12321280
CC25,CC25-04,ERR9692774,109,10,5,ERR9692774
CC25,CC25-04,ERR6752863,110,11,5,ERR6752863
CC25,CC25-04,SRR9273829,111,12,5,SRR9273829
CC25,CC25-04,ERR9079830,112,13,5,ERR9079830
CC25,CC25-04,ERR10880116,113,14,5,ERR10880116
CC25,CC25-04,ERR5751304,114,15,5,ERR5751304
CC25,CC25-04,ERR6806714,115,16,5,ERR6806714
CC25,CC25-04,ERR5751296,116,17,5,ERR5751296
CC25,CC25-04,ERR4451427,117,18,5,ERR4451427
CC25,CC25-04,ERR6806125,118,19,5,ERR6806125
CC25,CC25-04,ERR6806317,119,20,5,ERR6806317
CC25,CC25-04,ERR12067371,120,21,5,ERR12067371
CC25,CC25-04,ERR6806075,121,22,5,ERR6806075
CC25,CC25-04,ERR10176870,122,23,5,ERR10176870
CC25,CC25-04,ERR10460856,123,24,5,ERR10460856
CC25,CC25-04,ERR10460902,124,25,5,ERR10460902
CC25,CC25-04,ERR6806726,125,26,5,ERR6806726
CC25,CC25-04,ERR12078572,126,27,5,ERR12078572
CC25,CC25-04,ERR11747320,127,28,5,ERR11747320
CC25,CC25-04,ERR12495482,128,29,5,ERR12495482
CC25,CC25-04,ERR5751726,129,30,5,ERR5751726
CC25,CC25-04,ERR6806512,130,31,5,ERR6806512
CC25,CC25-04,ERR9924209,131,32,5,ERR9924209
CC25,CC25-05,ERR10460483,132,1,4,ERR10460483
CC25,CC25-05,ERR9785511,133,2,4,ERR9785511
CC25,CC25-05,ERR10087012,134,3,4,ERR10087012
CC25,CC25-05,ERR9079768,135,4,4,ERR9079768
CC25,CC25-05,ERR9822149,136,5,4,ERR9822149
CC25,CC25-05,ERR9822145,137,6,4,ERR9822145
CC25,CC25-05,ERR9822146,138,7,4,ERR9822146
CC25,CC25-05,ERR9785509,139,8,4,ERR9785509
CC25,CC25-05,ERR10176872,140,9,4,ERR10176872
CC25,CC25-05,ERR9966389,141,10,4,ERR9966389
CC25,CC25-05,ERR10460765,142,11,4,ERR10460765
CC25,CC25-05,ERR10109275,143,12,4,ERR10109275
CC25,CC25-05,ERR11807704,144,13,4,ERR11807704
CC25,CC25-05,ERR10109276,145,14,4,ERR10109276
CC25,CC25-05,ERR9785510,146,15,4,ERR9785510
CC25,CC25-05,ERR9820422,147,16,4,ERR9820422
CC25,CC25-05,ERR10880181,148,17,4,ERR10880181
CC25,CC25-05,ERR10088101,149,18,4,ERR10088101
CC25,CC25-05,ERR12312688,150,19,4,ERR12312688
CC25,CC25-05,ERR11201827,151,20,4,ERR11201827
CC25,CC25-05,ERR12312689,152,21,4,ERR12312689
CC25,CC25-05,ERR12495485,153,22,4,ERR12495485
CC25,CC25-05,ERR12312692,154,23,4,ERR12312692
CC25,CC25-05,ERR10123168,155,24,4,ERR10123168
CC25,CC25-05,ERR10123167,156,25,4,ERR10123167
CC25,CC25-05,ERR9966387,157,26,4,ERR9966387
CC25,CC25-05,ERR10949310,158,27,4,ERR10949310
CC25,CC25-05,ERR10460875,159,28,4,ERR10460875
CC25,CC25-05,ERR9966390,160,29,4,ERR9966390
CC25,CC25-05,ERR10176866,161,30,4,ERR10176866
CC25,CC25-05,ERR10460687,162,31,4,ERR10460687
CC25,CC25-06,ERR12078573,163,1,4,ERR12078573
CC25,CC25-06,ERR9785512,164,2,4,ERR9785512
CC25,CC25-06,ERR12165616,165,3,4,ERR12165616
CC25,CC25-06,ERR10460887,166,4,4,ERR10460887
CC25,CC25-06,ERR10880335,167,5,4,ERR10880335
CC25,CC25-06,ERR10880156,168,6,4,ERR10880156
CC25,CC25-06,ERR10880377,169,7,4,ERR10880377
CC25,CC25-06,ERR10088105,170,8,4,ERR10088105
CC25,CC25-06,ERR12321284,171,9,4,ERR12321284
CC25,CC25-06,ERR9966388,172,10,4,ERR9966388
CC25,CC25-06,ERR10026000,173,11,4,ERR10026000
CC25,CC25-06,ERR9822144,174,12,4,ERR9822144
CC25,CC25-06,ERR10088104,175,13,4,ERR10088104
CC25,CC25-06,ERR10088102,176,14,4,ERR10088102
CC25,CC25-06,ERR9822151,177,15,4,ERR9822151
CC25,CC25-06,ERR10109255,178,16,4,ERR10109255
CC25,CC25-06,ERR11810274,179,17,4,ERR11810274
CC25,CC25-06,ERR9966386,180,18,4,ERR9966386
CC25,CC25-06,ERR12259395,181,19,4,ERR12259395
CC25,CC25-06,ERR12091513,182,20,4,ERR12091513
CC25,CC25-06,ERR10125140,183,21,4,ERR10125140
CC25,CC25-06,ERR10949303,184,22,4,ERR10949303
CC25,CC25-06,ERR10109277,185,23,4,ERR10109277
CC25,CC25-06,ERR10087013,186,24,4,ERR10087013
CC25,CC25-06,ERR12146144,187,25,4,ERR12146144
CC25,CC25-06,ERR11219811,188,26,4,ERR11219811
CC25,CC25-06,ERR11420238,189,27,4,ERR11420238
CC25,CC25-06,ERR11437918,190,28,4,ERR11437918
CC25,CC25-06,ERR11807709,191,29,4,ERR11807709
CC25,CC25-06,ERR10880183,192,30,4,ERR10880183
CC25,CC25-06,ERR10880311,193,31,4,ERR10880311
CC25,CC25-07,ERR10109274,194,1,4,ERR10109274
CC25,CC25-07,ERR12552381,195,2,4,ERR12552381
CC25,CC25-07,ERR12552377,196,3,4,ERR12552377
CC25,CC25-07,ERR11896635,197,4,4,ERR11896635
CC25,CC25-07,ERR9079508,198,5,4,ERR9079508
CC25,CC25-07,ERR9420153,199,6,4,ERR9420153
CC25,CC25-07,ERR10117717,200,7,4,ERR10117717
CC25,CC25-07,ERR6806600,201,8,4,ERR6806600
CC25,CC25-07,ERR7197757,202,9,4,ERR7197757
CC25,CC25-07,ERR6806028,203,10,4,ERR6806028
CC25,CC25-07,ERR9288082,204,11,4,ERR9288082
CC25,CC25-07,ERR11455881,205,12,4,ERR11455881
CC25,CC25-07,ERR6806632,206,13,4,ERR6806632
CC25,CC25-07,ERR4451478,207,14,4,ERR4451478
CC25,CC25-07,ERR12302226,208,15,4,ERR12302226
CC25,CC25-07,ERR12552384,209,16,4,ERR12552384
CC25,CC25-07,ERR12067334,210,17,4,ERR12067334
CC25,CC25-07,ERR10880424,211,18,4,ERR10880424
CC25,CC25-07,ERR10123158,212,19,4,ERR10123158
CC25,CC25-07,ERR10176869,213,20,4,ERR10176869
CC25,CC25-07,ERR10880230,214,21,4,ERR10880230
CC25,CC25-07,ERR11453719,215,22,4,ERR11453719
CC25,CC25-07,ERR10880157,216,23,4,ERR10880157
CC25,CC25-07,ERR11872767,217,24,4,ERR11872767
CC25,CC25-07,ERR6752889,218,25,4,ERR6752889
CC25,CC25-07,ERR9288143,219,26,4,ERR9288143
CC25,CC25-07,ERR5751308,220,27,4,ERR5751308
CC25,CC25-07,ERR4399358,221,28,4,ERR4399358
CC25,CC25-07,ERR4399957,222,29,4,ERR4399957
CC25,CC25-07,ERR4399362,223,30,4,ERR4399362
CC25,CC25-07,SRR13833609,224,31,4,SRR13833609
CC25,CC25-08,SRR13719289,225,1,1,SRR13719289
CC25,CC25-08,SRR13719614,226,2,1,SRR13719614
CC25,CC25-08,SRR13313312,227,3,1,SRR13313312
CC25,CC25-08,SRR13313295,228,4,1,SRR13313295
CC25,CC25-08,SRR13719196,229,5,1,SRR13719196
CC25,CC25-08,SRR13277434,230,6,1,SRR13277434
CC25,CC25-08,SRR13277416,231,7,1,SRR13277416
CC25,CC25-08,SRR13277412,232,8,1,SRR13277412
CC25,CC25-08,SRR13311773,233,9,1,SRR13311773
CC25,CC25-08,SRR13313309,234,10,1,SRR13313309
CC25,CC25-08,SRR27481822,235,11,1,SRR27481822
CC25,CC25-08,SRR27481651,236,12,1,SRR27481651
CC25,CC25-08,SRR27481649,237,13,1,SRR27481649
CC25,CC25-08,SRR27481520,238,14,1,SRR27481520
CC25,CC25-08,SRR27481815,239,15,1,SRR27481815
CC25,CC25-08,SRR7130368,240,16,1,SRR7130368
CC25,CC25-08,SRR7130370,241,17,1,SRR7130370
CC25,CC25-08,SRR7130371,242,18,1,SRR7130371
CC25,CC25-08,SRR13312061,243,19,1,SRR13312061
CC25,CC25-08,SRR7130369,244,20,1,SRR7130369
CC25,CC25-08,ERR4400834,245,21,1,ERR4400834
CC25,CC25-09,ERR4338896,246,1,1,ERR4338896
CC25,CC25-09,ERR4338560,247,2,1,ERR4338560
CC25,CC25-09,SRR1106479,248,3,1,SRR1106479
CC25,CC25-09,ERR3581536,249,4,1,ERR3581536
CC25,CC25-09,SRR8369293,250,5,1,SRR8369293
CC25,CC25-09,SRR7842526,251,6,1,SRR7842526
CC25,CC25-09,SRR8297279,252,7,1,SRR8297279
CC25,CC25-09,SRR7850690,253,8,1,SRR7850690
CC25,CC25-09,SRR7884719,254,9,1,SRR7884719
CC25,CC25-09,SRR8350305,255,10,1,SRR8350305
CC25,CC25-09,SRR15853458,256,11,1,SRR15853458
CC25,CC25-09,SRR21224019,257,12,1,SRR21224019
CC25,CC25-09,SRR20212638,258,13,1,SRR20212638
CC25,CC25-09,SRR8706049,259,14,1,SRR8706049
CC25,CC25-09,SRR16227977,260,15,1,SRR16227977
CC25,CC25-09,ERR4399344,261,16,1,ERR4399344
CC25,CC25-09,SRR7841631,262,17,1,SRR7841631
CC25,CC25-09,SRR22691594,263,18,1,SRR22691594
CC25,CC25-09,SRR16301618,264,19,1,SRR16301618
CC25,CC25-09,ERR10109287,265,20,1,ERR10109287
CC25,CC25-09,ERR9680890,266,21,1,ERR9680890
CC25,CC25-10,SRR14921286,267,1,3,SRR14921286
CC25,CC25-10,SRR28295566,268,2,3,SRR28295566
CC25,CC25-10,ERR4145363,269,3,3,ERR4145363
CC25,CC25-10,ERR4145392,270,4,3,ERR4145392
CC25,CC25-10,ERR4145410,271,5,3,ERR4145410
CC25,CC25-10,ERR4145345,272,6,3,ERR4145345
CC25,CC25-10,SRR8325561,273,7,3,SRR8325561
CC25,CC25-10,SRR8293522,274,8,3,SRR8293522
CC25,CC25-10,ERR4145388,275,9,3,ERR4145388
CC25,CC25-10,ERR4145353,276,10,3,ERR4145353
CC25,CC25-10,SRR10326268,277,11,3,SRR10326268
CC25,CC25-10,SRR9627787,278,12,3,SRR9627787
CC25,CC25-10,SRR27762886,279,13,3,SRR27762886
CC25,CC25-10,SRR10992537,280,14,3,SRR10992537
CC25,CC25-10,SRR1646109,281,15,3,SRR1646109
CC25,CC25-10,SRR7427053,282,16,3,SRR7427053
CC25,CC25-10,SRR8503644,283,17,3,SRR8503644
CC25,CC25-10,SRR7457932,284,18,3,SRR7457932
CC25,CC25-11,SRR2917137,285,1,2,SRR2917137
CC25,CC25-11,SRR2917139,286,2,2,SRR2917139
CC25,CC25-11,SRR3137069,287,3,2,SRR3137069
CC25,CC25-11,SRR6107195,288,4,2,SRR6107195
CC25,CC25-11,SRR2917138,289,5,2,SRR2917138
CC25,CC25-11,SRR2917136,290,6,2,SRR2917136
CC25,CC25-11,SRR5084265,291,7,2,SRR5084265
CC25,CC25-11,SRR5121494,292,8,2,SRR5121494
CC25,CC25-11,SRR3001933,293,9,2,SRR3001933
CC25,CC25-11,SRR5121497,294,10,2,SRR5121497
CC25,CC25-11,SRR2917140,295,11,2,SRR2917140
CC25,CC25-11,ERR10368770,296,12,2,ERR10368770
CC25,CC25-11,ERR160996,297,13,2,ERR160996
CC25,CC25-11,SRR5056398,298,14,2,SRR5056398
CC25,CC25-11,ERR3635287,299,15,2,ERR3635287
CC25,CC25-11,SRR22175068,300,16,2,SRR22175068
CC25,CC25-11,SRR21787058,301,17,2,SRR21787058
CC25,CC25-11,SRR21787324,302,18,2,SRR21787324
CC25,CC25-11,SRR26858817,303,19,2,SRR26858817
CC25,CC25-11,SRR27185117,304,20,2,SRR27185117
CC25,CC25-11,SRR21535455,305,21,2,SRR21535455
CC25,CC25-11,SRR21535466,306,22,2,SRR21535466
CC25,CC25-12,SRR26050334,307,1,2,SRR26050334
CC25,CC25-12,SRR5379276,308,2,2,SRR5379276
CC25,CC25-12,SRR6457657,309,3,2,SRR6457657
CC25,CC25-12,SRR14360286,310,4,2,SRR14360286
CC25,CC25-12,SRR8137438,311,5,2,SRR8137438
CC25,CC25-12,ERR3635266,312,6,2,ERR3635266
CC25,CC25-12,SRR1973602,313,7,2,SRR1973602
CC25,CC25-12,SRR3002514,314,8,2,SRR3002514
CC25,CC25-12,SRR7467291,315,9,2,SRR7467291
CC25,CC25-12,ERR4400884,316,10,2,ERR4400884
CC25,CC25-12,ERR4399363,317,11,2,ERR4399363
CC25,CC25-12,ERR4401298,318,12,2,ERR4401298
CC25,CC25-12,ERR4400265,319,13,2,ERR4400265
CC25,CC25-12,ERR4401598,320,14,2,ERR4401598
CC25,CC25-12,ERR4401297,321,15,2,ERR4401297
CC25,CC25-12,ERR4401299,322,16,2,ERR4401299
CC25,CC25-12,ERR6806710,323,17,2,ERR6806710
CC25,CC25-12,SRR952929,324,18,2,SRR952929
CC25,CC25-12,SRR7292863,325,19,2,SRR7292863
CC25,CC25-12,SRR1966891,326,20,2,SRR1966891
CC25,CC25-12,SRR1967735,327,21,2,SRR1967735
ST335,ST335-01,44341_3_304,1,1,5,ERR16714663
ST335,ST335-01,44341_3_305,2,2,5,ERR16714664
ST335,ST335-01,44341_3_281,3,3,5,ERR16714662
ST335,ST335-01,CIV13XE8,4,4,5,ERR16714702
ST335,ST335-01,44341_3_128,5,5,5,ERR16714653
ST335,ST335-01,44341_3_131,6,6,5,ERR16714654
ST335,ST335-01,44341_3_136,7,7,5,ERR16714655
ST335,ST335-01,CIV13PE7,8,8,5,ERR16714696
ST335,ST335-01,CIT159B1,9,9,5,ERR16714687
ST335,ST335-01,CIT15EB1,10,10,5,ERR16714688
ST335,ST335-01,CIS153C1,11,11,5,ERR16714684
ST335,ST335-01,CIV147E3,12,12,5,ERR16714720
ST335,ST335-01,CIT15FH1,13,13,5,ERR16714690
ST335,ST335-01,CIV143E2,14,14,5,ERR16714713
ST335,ST335-01,CIU145B1,15,15,5,ERR16714694
ST335,ST335-01,44341_3_310,16,16,5,ERR16714665
ST335,ST335-01,CIV13XE2,17,17,5,ERR16714700
ST335,ST335-01,44341_4_275,18,18,5,ERR16714667
ST335,ST335-01,CIT15FB1,19,19,5,ERR16714689
ST335,ST335-01,CIV13XU1,20,20,5,ERR16714703
ST335,ST335-01,CIV142E6,21,21,5,ERR16714712
ST335,ST335-01,CIV143U1,22,22,5,ERR16714716
ST335,ST335-01,CIV143E9,23,23,5,ERR16714715
ST335,ST335-01,CNS1F3,24,24,5,ERR16714723
ST335,ST335-01,CAAYSI,25,25,5,ERR16714683
ST335,ST335-01,CIT15GS1,26,26,5,ERR16714692
ST335,ST335-01,CIV13RE2,27,27,5,ERR16714697
ST335,ST335-01,CIV141E6,28,28,5,ERR16714711
ST335,ST335-01,CIS15HB1,29,29,5,ERR16714685
ST335,ST335-01,CIV140U1,30,30,5,ERR16714710
ST335,ST335-01,CIV140E4,31,31,5,ERR16714707
ST335,ST335-01,CIV140E7,32,32,5,ERR16714709
ST335,ST335-01,CAAXQV,33,33,5,ERR16714680
ST335,ST335-02,CIV13UE4,34,1,5,ERR16714698
ST335,ST335-02,CIS15MR1,35,2,5,ERR16714686
ST335,ST335-02,CIV13YE6,36,3,5,ERR16714704
ST335,ST335-02,CIV143E4,37,4,5,ERR16714714
ST335,ST335-02,CIV13XE5,38,5,5,ERR16714701
ST335,ST335-02,CIT15GH1,39,6,5,ERR16714691
ST335,ST335-02,CIV140E1,40,7,5,ERR16714706
ST335,ST335-02,CIV140E6,41,8,5,ERR16714708
ST335,ST335-02,CIU13XS1,42,9,5,ERR16714693
ST335,ST335-02,CIV146E8,43,10,5,ERR16714719
ST335,ST335-02,CIU149H1,44,11,5,ERR16714695
ST335,ST335-02,CIV144E6,45,12,5,ERR16714717
ST335,ST335-02,CIV13VE5,46,13,5,ERR16714699
ST335,ST335-02,CIV13YE8,47,14,5,ERR16714705
ST335,ST335-02,CIV144U1,48,15,5,ERR16714718
ST335,ST335-02,CNSP0U,49,16,5,ERR16714732
ST335,ST335-02,CNSKFP,50,17,5,ERR16714729
ST335,ST335-02,CNSLL4,51,18,5,ERR16714730
ST335,ST335-02,ERR9941258,52,19,5,ERR9941258
ST335,ST335-02,ERR9929342,53,20,5,ERR9929342
ST335,ST335-02,ERR9966382,54,21,5,ERR9966382
ST335,ST335-02,CLL3JA,55,22,5,ERR16714721
ST335,ST335-02,CNS7YP,56,23,5,ERR16714726
ST335,ST335-02,BKRRIF,57,24,5,ERR16714670
ST335,ST335-02,CNS6QU,58,25,5,ERR16714725
ST335,ST335-02,44341_3_96,59,26,5,ERR16714666
ST335,ST335-02,44341_3_21,60,27,5,ERR16714657
ST335,ST335-02,BKRMVD,61,28,5,ERR16714669
ST335,ST335-02,CAAYDF,62,29,5,ERR16714681
ST335,ST335-02,CAAXBN,63,30,5,ERR16714679
ST335,ST335-02,44341_3_165,64,31,5,ERR16714656
ST335,ST335-02,44341_3_262,65,32,5,ERR16714658
ST335,ST335-02,44341_3_265,66,33,5,ERR16714659
ST335,ST335-03,44341_4_286,67,1,5,ERR16714668
ST335,ST335-03,44341_3_268,68,2,5,ERR16714660
ST335,ST335-03,44341_3_280,69,3,5,ERR16714661
ST335,ST335-03,CAAP2A,70,4,5,ERR16714672
ST335,ST335-03,CNSFP4,71,5,5,ERR16714728
ST335,ST335-03,CNSDXZ,72,6,5,ERR16714727
ST335,ST335-03,CAAQXB,73,7,5,ERR16714675
ST335,ST335-03,CAAR9T,74,8,5,ERR16714676
ST335,ST335-03,CAAQUT,75,9,5,ERR16714674
ST335,ST335-03,CAARE3,76,10,5,ERR16714677
ST335,ST335-03,CLL6CH,77,11,5,ERR16714722
ST335,ST335-03,ERR10438737,78,12,5,ERR10438737
ST335,ST335-03,ERR10113269,79,13,5,ERR10113269
ST335,ST335-03,ERR6752971,80,14,5,ERR6752971
ST335,ST335-03,ERR5751227,81,15,5,ERR5751227
ST335,ST335-03,ERR9976609,82,16,5,ERR9976609
ST335,ST335-03,ERR11219800,83,17,5,ERR11219800
ST335,ST335-03,ERR12142619,84,18,5,ERR12142619
ST335,ST335-03,ERR11747325,85,19,5,ERR11747325
ST335,ST335-03,ERR11502778,86,20,5,ERR11502778
ST335,ST335-03,ERR7197834,87,21,5,ERR7197834
ST335,ST335-03,ERR9079758,88,22,5,ERR9079758
ST335,ST335-03,ERR6806255,89,23,5,ERR6806255
ST335,ST335-03,ERR6805990,90,24,5,ERR6805990
ST335,ST335-03,ERR6806776,91,25,5,ERR6806776
ST335,ST335-03,ERR5750995,92,26,5,ERR5750995
ST335,ST335-03,ERR6806749,93,27,5,ERR6806749
ST335,ST335-03,ERR6805998,94,28,5,ERR6805998
ST335,ST335-03,ERR6806833,95,29,5,ERR6806833
ST335,ST335-03,ERR12080226,96,30,5,ERR12080226
ST335,ST335-03,ERR12321283,97,31,5,ERR12321283
ST335,ST335-03,ERR12321282,98,32,5,ERR12321282
ST335,ST335-03,ERR12067314,99,33,5,ERR12067314
ST335,ST335-04,ERR12321281,100,1,5,ERR12321281
ST335,ST335-04,ERR12142634,101,2,5,ERR12142634
ST335,ST335-04,ERR6753111,102,3,5,ERR6753111
ST335,ST335-04,ERR6806796,103,4,5,ERR6806796
ST335,ST335-04,ERR6806789,104,5,5,ERR6806789
ST335,ST335-04,ERR9971918,105,6,5,ERR9971918
ST335,ST335-04,ERR7197741,106,7,5,ERR7197741
ST335,ST335-04,ERR5751808,107,8,5,ERR5751808
ST335,ST335-04,ERR12321280,108,9,5,ERR12321280
ST335,ST335-04,ERR9692774,109,10,5,ERR9692774
ST335,ST335-04,ERR6752863,110,11,5,ERR6752863
ST335,ST335-04,SRR9273829,111,12,5,SRR9273829
ST335,ST335-04,ERR9079830,112,13,5,ERR9079830
ST335,ST335-04,ERR10880116,113,14,5,ERR10880116
ST335,ST335-04,ERR5751304,114,15,5,ERR5751304
ST335,ST335-04,ERR6806714,115,16,5,ERR6806714
ST335,ST335-04,ERR5751296,116,17,5,ERR5751296
ST335,ST335-04,ERR4451427,117,18,5,ERR4451427
ST335,ST335-04,ERR6806125,118,19,5,ERR6806125
ST335,ST335-04,ERR6806317,119,20,5,ERR6806317
ST335,ST335-04,ERR12067371,120,21,5,ERR12067371
ST335,ST335-04,ERR6806075,121,22,5,ERR6806075
ST335,ST335-04,ERR10176870,122,23,5,ERR10176870
ST335,ST335-04,ERR10460856,123,24,5,ERR10460856
ST335,ST335-04,ERR10460902,124,25,5,ERR10460902
ST335,ST335-04,ERR6806726,125,26,5,ERR6806726
ST335,ST335-04,ERR12078572,126,27,5,ERR12078572
ST335,ST335-04,ERR11747320,127,28,5,ERR11747320
ST335,ST335-04,ERR12495482,128,29,5,ERR12495482
ST335,ST335-04,ERR5751726,129,30,5,ERR5751726
ST335,ST335-04,ERR6806512,130,31,5,ERR6806512
ST335,ST335-04,ERR9924209,131,32,5,ERR9924209
ST335,ST335-05,ERR10460483,132,1,4,ERR10460483
ST335,ST335-05,ERR9785511,133,2,4,ERR9785511
ST335,ST335-05,ERR10087012,134,3,4,ERR10087012
ST335,ST335-05,ERR9079768,135,4,4,ERR9079768
ST335,ST335-05,ERR9822149,136,5,4,ERR9822149
ST335,ST335-05,ERR9822145,137,6,4,ERR9822145
ST335,ST335-05,ERR9822146,138,7,4,ERR9822146
ST335,ST335-05,ERR9785509,139,8,4,ERR9785509
ST335,ST335-05,ERR10176872,140,9,4,ERR10176872
ST335,ST335-05,ERR9966389,141,10,4,ERR9966389
ST335,ST335-05,ERR10460765,142,11,4,ERR10460765
ST335,ST335-05,ERR10109275,143,12,4,ERR10109275
ST335,ST335-05,ERR11807704,144,13,4,ERR11807704
ST335,ST335-05,ERR10109276,145,14,4,ERR10109276
ST335,ST335-05,ERR9785510,146,15,4,ERR9785510
ST335,ST335-05,ERR9820422,147,16,4,ERR9820422
ST335,ST335-05,ERR10880181,148,17,4,ERR10880181
ST335,ST335-05,ERR10088101,149,18,4,ERR10088101
ST335,ST335-05,ERR12312688,150,19,4,ERR12312688
ST335,ST335-05,ERR11201827,151,20,4,ERR11201827
ST335,ST335-05,ERR12312689,152,21,4,ERR12312689
ST335,ST335-05,ERR12495485,153,22,4,ERR12495485
ST335,ST335-05,ERR12312692,154,23,4,ERR12312692
ST335,ST335-05,ERR10123168,155,24,4,ERR10123168
ST335,ST335-05,ERR10123167,156,25,4,ERR10123167
ST335,ST335-05,ERR9966387,157,26,4,ERR9966387
ST335,ST335-05,ERR10949310,158,27,4,ERR10949310
ST335,ST335-05,ERR10460875,159,28,4,ERR10460875
ST335,ST335-05,ERR9966390,160,29,4,ERR9966390
ST335,ST335-05,ERR10176866,161,30,4,ERR10176866
ST335,ST335-05,ERR10460687,162,31,4,ERR10460687
ST335,ST335-06,ERR12078573,163,1,4,ERR12078573
ST335,ST335-06,ERR9785512,164,2,4,ERR9785512
ST335,ST335-06,ERR12165616,165,3,4,ERR12165616
ST335,ST335-06,ERR10460887,166,4,4,ERR10460887
ST335,ST335-06,ERR10880335,167,5,4,ERR10880335
ST335,ST335-06,ERR10880156,168,6,4,ERR10880156
ST335,ST335-06,ERR10880377,169,7,4,ERR10880377
ST335,ST335-06,ERR10088105,170,8,4,ERR10088105
ST335,ST335-06,ERR12321284,171,9,4,ERR12321284
ST335,ST335-06,ERR9966388,172,10,4,ERR9966388
ST335,ST335-06,ERR10026000,173,11,4,ERR10026000
ST335,ST335-06,ERR9822144,174,12,4,ERR9822144
ST335,ST335-06,ERR10088104,175,13,4,ERR10088104
ST335,ST335-06,ERR10088102,176,14,4,ERR10088102
ST335,ST335-06,ERR9822151,177,15,4,ERR9822151
ST335,ST335-06,ERR10109255,178,16,4,ERR10109255
ST335,ST335-06,ERR11810274,179,17,4,ERR11810274
ST335,ST335-06,ERR9966386,180,18,4,ERR9966386
ST335,ST335-06,ERR12259395,181,19,4,ERR12259395
ST335,ST335-06,ERR12091513,182,20,4,ERR12091513
ST335,ST335-06,ERR10125140,183,21,4,ERR10125140
ST335,ST335-06,ERR10949303,184,22,4,ERR10949303
ST335,ST335-06,ERR10109277,185,23,4,ERR10109277
ST335,ST335-06,ERR10087013,186,24,4,ERR10087013
ST335,ST335-06,ERR12146144,187,25,4,ERR12146144
ST335,ST335-06,ERR11219811,188,26,4,ERR11219811
ST335,ST335-06,ERR11420238,189,27,4,ERR11420238
ST335,ST335-06,ERR11437918,190,28,4,ERR11437918
ST335,ST335-06,ERR11807709,191,29,4,ERR11807709
ST335,ST335-06,ERR10880183,192,30,4,ERR10880183
ST335,ST335-06,ERR10880311,193,31,4,ERR10880311
ST335,ST335-07,ERR10109274,194,1,4,ERR10109274
ST335,ST335-07,ERR12552381,195,2,4,ERR12552381
ST335,ST335-07,ERR12552377,196,3,4,ERR12552377
ST335,ST335-07,ERR11896635,197,4,4,ERR11896635
ST335,ST335-07,ERR9079508,198,5,4,ERR9079508
ST335,ST335-07,ERR9420153,199,6,4,ERR9420153
ST335,ST335-07,ERR10117717,200,7,4,ERR10117717
ST335,ST335-07,ERR6806600,201,8,4,ERR6806600
ST335,ST335-07,ERR7197757,202,9,4,ERR7197757
ST335,ST335-07,ERR6806028,203,10,4,ERR6806028
ST335,ST335-07,ERR9288082,204,11,4,ERR9288082
ST335,ST335-07,ERR11455881,205,12,4,ERR11455881
ST335,ST335-07,ERR6806632,206,13,4,ERR6806632
ST335,ST335-07,ERR4451478,207,14,4,ERR4451478
ST335,ST335-07,ERR12302226,208,15,4,ERR12302226
ST335,ST335-07,ERR12552384,209,16,4,ERR12552384
ST335,ST335-07,ERR12067334,210,17,4,ERR12067334
ST335,ST335-07,ERR10880424,211,18,4,ERR10880424
ST335,ST335-07,ERR10123158,212,19,4,ERR10123158
ST335,ST335-07,ERR10176869,213,20,4,ERR10176869
ST335,ST335-07,ERR10880230,214,21,4,ERR10880230
ST335,ST335-07,ERR11453719,215,22,4,ERR11453719
ST335,ST335-07,ERR10880157,216,23,4,ERR10880157
ST335,ST335-07,ERR11872767,217,24,4,ERR11872767
ST335,ST335-07,ERR6752889,218,25,4,ERR6752889
ST335,ST335-07,ERR9288143,219,26,4,ERR9288143
ST335,ST335-07,ERR5751308,220,27,4,ERR5751308
ST335,ST335-07,ERR4399358,221,28,4,ERR4399358
ST335,ST335-07,ERR4399957,222,29,4,ERR4399957
ST335,ST335-07,ERR4399362,223,30,4,ERR4399362
ST335,ST335-07,SRR13833609,224,31,4,SRR13833609
