isolate_id,source_isolate_id,run_accession,sample_accession,country,source_type,source_detail,invasive,year,lineage,sequence_type,clonal_complex,source_group,in_CC25_tree,in_ST335_tree,CC25_order,ST335_order,experiment_accession,accession_basis,XDR_genomic_profile,MDR_genomic_profile,CARB_R_genomic_marker,MAC_R_genomic_marker,genomic_determinants,AMRFinder_class_count,filtered_determinant_count,phenotyped_Kenneth,XDR_phenotype,CC25_panel,ST335_panel,plot_label,matrix_position
44341_3_304,44341_3#304,ERR16714663,ERS29128468,Malawi,River,Water associated sample,No,2020,5,335,25,River water,1,1,1,1,ERX16105628,Supplied isolate accession workbook,1,1,0,0,blaOXA-1; blaOXA-10; cmlA5; floR; dfrA23; blaCTX-M-15; qnrB1; tet(A); sul1; sul2; aac(3)-IIe; aac(6')-Ib-cr5; aadA1; aph(3'')-Ib; aph(6)-Id; arr-2; qacEdelta1,10,17,0,Other,CC25-01,ST335-01,44341_3_304 | ERR16714663,1
44341_3_305,44341_3#305,ERR16714664,ERS29128469,Malawi,River,Water associated sample,No,2020,5,335,25,River water,1,1,2,2,ERX16105629,Supplied isolate accession workbook,1,1,0,0,blaOXA-1; blaOXA-10; cmlA5; floR; dfrA23; blaCTX-M-15; qnrB1; tet(A); sul1; sul2; aac(3)-IIe; aac(6')-Ib-cr5; aadA1; aph(3'')-Ib; aph(6)-Id; arr-2; qacEdelta1,10,17,0,Other,CC25-01,ST335-01,44341_3_305 | ERR16714664,2
44341_3_281,44341_3#281,ERR16714662,ERS29128467,Malawi,River,Water associated sample,No,2020,5,335,25,River water,1,1,3,3,ERX16105627,Supplied isolate accession workbook,1,1,0,0,blaOXA-1; blaOXA-10; cmlA5; floR; dfrA23; blaCTX-M-15; qnrB1; tet(A); sul1; sul2; aac(3)-IIe; aac(6')-Ib-cr5; aadA1; aph(3'')-Ib; aph(6)-Id; arr-2; qacEdelta1,10,17,0,Other,CC25-01,ST335-01,44341_3_281 | ERR16714662,3
CIV13XE8,CIV13XE8_S20_L001,ERR16714702,ERS29128507,Malawi,Hospital environment,Chatinkha Nursery,No,2020,5,335,25,Neonatal unit sampling,1,1,4,4,ERX16105667,Supplied isolate accession workbook,1,1,0,0,blaOXA-1; blaOXA-10; cmlA5; floR; dfrA23; blaCTX-M-15; qnrB1; tet(A); sul1; sul2; aac(3)-IIe; aac(6')-Ib-cr5; aadA1; aph(3'')-Ib; aph(6)-Id; arr-2; qacEdelta1,10,17,0,Other,CC25-01,ST335-01,CIV13XE8 | ERR16714702,4
44341_3_128,44341_3#128,ERR16714653,ERS29128458,Malawi,River,Water associated sample,No,2020,5,335,25,River water,1,1,5,5,ERX16105618,Supplied isolate accession workbook,1,1,0,0,blaOXA-1; blaOXA-10; cmlA5; floR; dfrA23; blaCTX-M-15; qnrB1; tet(A); sul1; sul2; aac(3)-IIe; aac(6')-Ib-cr5; aadA1; aph(3'')-Ib; aph(6)-Id; arr-2; qacEdelta1,10,17,0,Other,CC25-01,ST335-01,44341_3_128 | ERR16714653,5
44341_3_131,44341_3#131,ERR16714654,ERS29128459,Malawi,River,Water associated sample,No,2020,5,335,25,River water,1,1,6,6,ERX16105619,Supplied isolate accession workbook,1,1,0,0,blaOXA-1; blaOXA-10; cmlA5; floR; dfrA23; blaCTX-M-15; qnrB1; tet(A); sul1; sul2; aac(3)-IIe; aac(6')-Ib-cr5; aadA1; aph(3'')-Ib; aph(6)-Id; arr-2; qacEdelta1,10,17,0,Other,CC25-01,ST335-01,44341_3_131 | ERR16714654,6
44341_3_136,44341_3#136,ERR16714655,ERS29128460,Malawi,River,Water associated sample,No,2020,5,335,25,River water,1,1,7,7,ERX16105620,Supplied isolate accession workbook,0,1,0,0,blaOXA-1; blaOXA-10; cmlA5; floR; dfrA23; qnrB1; tet(A); sul1; sul2; aac(6')-Ib-cr5; aadA1; aph(3'')-Ib; aph(6)-Id; arr-2; qacEdelta1,10,15,0,Other,CC25-01,ST335-01,44341_3_136 | ERR16714655,7
CIV13PE7,CIV13PE7_S12_L001,ERR16714696,ERS29128501,Malawi,Hospital environment,Chatinkha Nursery,No,2020,5,335,25,Neonatal unit sampling,1,1,8,8,ERX16105661,Supplied isolate accession workbook,1,1,0,0,blaOXA-1; blaOXA-10; cmlA5; floR; dfrA23; blaCTX-M-15; qnrB1; tet(A); sul1; sul2; aac(3)-IIe; aac(6')-Ib-cr5; aadA1; aph(3'')-Ib; aph(6)-Id; arr-2; qacEdelta1,10,17,0,Other,CC25-01,ST335-01,CIV13PE7 | ERR16714696,8
CIT159B1,CIT159B1_S40_L001,ERR16714687,ERS29128492,Malawi,Hospital environment,Chatinkha Nursery,No,2020,5,335,25,Neonatal unit sampling,1,1,9,9,ERX16105652,Supplied isolate accession workbook,1,1,0,0,blaOXA-1; blaOXA-10; cmlA5; floR; dfrA23; blaCTX-M-15; qnrB1; tet(A); sul1; sul2; aac(3)-IIe; aac(6')-Ib-cr5; aadA1; aph(3'')-Ib; aph(6)-Id; arr-2; qacEdelta1,10,17,0,Other,CC25-01,ST335-01,CIT159B1 | ERR16714687,9
CIT15EB1,CIT15EB1_S3_L001,ERR16714688,ERS29128493,Malawi,Hospital environment,Chatinkha Nursery,No,2020,5,335,25,Neonatal unit sampling,1,1,10,10,ERX16105653,Supplied isolate accession workbook,1,1,0,0,blaOXA-1; blaOXA-10; cmlA5; floR; dfrA23; blaCTX-M-15; qnrB1; tet(A); sul1; sul2; aac(3)-IIe; aac(6')-Ib-cr5; aadA1; aph(3'')-Ib; aph(6)-Id; arr-2; qacEdelta1,10,17,1,1,CC25-01,ST335-01,CIT15EB1 | ERR16714688,10
CIS153C1,CIS153C1_S4_L001,ERR16714684,ERS29128489,Malawi,Hospital environment,Chatinkha Nursery,No,2020,5,335,25,Neonatal unit sampling,1,1,11,11,ERX16105649,Supplied isolate accession workbook,1,1,0,0,blaOXA-1; blaOXA-10; cmlA5; floR; dfrA23; blaCTX-M-15; qnrB1; tet(A); sul1; sul2; aac(3)-IIe; aac(6')-Ib-cr5; aadA1; aph(3'')-Ib; aph(6)-Id; arr-2; qacEdelta1,10,17,0,Other,CC25-01,ST335-01,CIS153C1 | ERR16714684,11
CIV147E3,CIV147E3_S35_L001,ERR16714720,ERS29128525,Malawi,Hospital environment,Chatinkha Nursery,No,2020,5,335,25,Neonatal unit sampling,1,1,12,12,ERX16105685,Supplied isolate accession workbook,1,1,0,0,blaOXA-1; blaOXA-10; cmlA5; floR; dfrA23; blaCTX-M-15; qnrB1; tet(A); sul1; sul2; aac(3)-IIe; aac(6')-Ib-cr5; aadA1; aph(3'')-Ib; aph(6)-Id; arr-2; qacEdelta1,10,17,0,Other,CC25-01,ST335-01,CIV147E3 | ERR16714720,12
CIT15FH1,CIT15FH1_S5_L001,ERR16714690,ERS29128495,Malawi,Hospital environment,Chatinkha Nursery,No,2020,5,335,25,Neonatal unit sampling,1,1,13,13,ERX16105655,Supplied isolate accession workbook,1,1,0,0,blaOXA-1; blaOXA-10; cmlA5; floR; dfrA23; blaCTX-M-15; qnrB1; tet(A); sul1; sul2; aac(3)-IIe; aac(6')-Ib-cr5; aadA1; aph(3'')-Ib; aph(6)-Id; arr-2; qacEdelta1,10,17,1,0,CC25-01,ST335-01,CIT15FH1 | ERR16714690,13
CIV143E2,CIV143E2_S28_L001,ERR16714713,ERS29128518,Malawi,Hospital environment,Chatinkha Nursery,No,2020,5,335,25,Neonatal unit sampling,1,1,14,14,ERX16105678,Supplied isolate accession workbook,1,1,0,0,blaOXA-1; blaOXA-10; cmlA5; floR; dfrA23; blaCTX-M-15; qnrB1; tet(A); sul1; sul2; aac(3)-IIe; aac(6')-Ib-cr5; aadA1; aph(3'')-Ib; aph(6)-Id; arr-2; qacEdelta1,10,17,1,1,CC25-01,ST335-01,CIV143E2 | ERR16714713,14
CIU145B1,CIU145B1_S13_L001,ERR16714694,ERS29128499,Malawi,Hospital environment,Chatinkha Nursery,No,2020,5,335,25,Neonatal unit sampling,1,1,15,15,ERX16105659,Supplied isolate accession workbook,1,1,0,0,blaOXA-1; blaOXA-10; cmlA5; floR; dfrA23; blaCTX-M-15; qnrB1; tet(A); sul1; sul2; aac(3)-IIe; aac(6')-Ib-cr5; aadA1; aph(3'')-Ib; aph(6)-Id; arr-2; qacEdelta1,10,17,0,Other,CC25-01,ST335-01,CIU145B1 | ERR16714694,15
44341_3_310,44341_3#310,ERR16714665,ERS29128470,Malawi,River,Water associated sample,No,2020,5,335,25,River water,1,1,16,16,ERX16105630,Supplied isolate accession workbook,1,1,0,0,blaOXA-1; blaOXA-10; cmlA5; floR; dfrA23; blaCTX-M-15; qnrB1; tet(A); sul1; sul2; aac(3)-IIe; aac(6')-Ib-cr5; aadA1; aph(3'')-Ib; aph(6)-Id; arr-2; qacEdelta1,10,17,0,Other,CC25-01,ST335-01,44341_3_310 | ERR16714665,16
CIV13XE2,CIV13XE2_S6_L001,ERR16714700,ERS29128505,Malawi,Hospital environment,Chatinkha Nursery,No,2020,5,335,25,Neonatal unit sampling,1,1,17,17,ERX16105665,Supplied isolate accession workbook,1,1,0,0,blaOXA-1; blaOXA-10; cmlA5; floR; dfrA23; blaCTX-M-15; qnrB1; tet(A); sul1; sul2; aac(3)-IIe; aac(6')-Ib-cr5; aadA1; aph(3'')-Ib; aph(6)-Id; arr-2; qacEdelta1,10,17,1,0,CC25-01,ST335-01,CIV13XE2 | ERR16714700,17
44341_4_275,44341_4#275,ERR16714667,ERS29128472,Malawi,River,Water associated sample,No,2020,5,335,25,River water,1,1,18,18,ERX16105632,Supplied isolate accession workbook,1,1,0,0,blaOXA-1; blaOXA-10; cmlA5; floR; dfrA23; blaCTX-M-15; qnrB1; tet(A); sul1; sul2; aac(3)-IIe; aac(6')-Ib-cr5; aadA1; aph(3'')-Ib; aph(6)-Id; arr-2; qacEdelta1,10,17,0,Other,CC25-01,ST335-01,44341_4_275 | ERR16714667,18
CIT15FB1,CIT15FB1_S1_L001,ERR16714689,ERS29128494,Malawi,Hospital environment,Chatinkha Nursery,No,2020,5,335,25,Neonatal unit sampling,1,1,19,19,ERX16105654,Supplied isolate accession workbook,1,1,0,0,blaOXA-1; blaOXA-10; cmlA5; floR; dfrA23; blaCTX-M-15; qnrB1; tet(A); sul1; sul2; aac(3)-IIe; aac(6')-Ib-cr5; aadA1; aph(3'')-Ib; aph(6)-Id; arr-2; qacEdelta1,10,17,1,0,CC25-01,ST335-01,CIT15FB1 | ERR16714689,19
CIV13XU1,CIV13XU1_S18_L001,ERR16714703,ERS29128508,Malawi,Hospital environment,Chatinkha Nursery,No,2020,5,335,25,Neonatal unit sampling,1,1,20,20,ERX16105668,Supplied isolate accession workbook,1,1,0,0,blaOXA-1; blaOXA-10; cmlA5; floR; dfrA23; blaCTX-M-15; qnrB1; tet(A); sul1; sul2; aac(3)-IIe; aac(6')-Ib-cr5; aadA1; aph(3'')-Ib; aph(6)-Id; arr-2; qacEdelta1,10,17,0,Other,CC25-01,ST335-01,CIV13XU1 | ERR16714703,20
CIV142E6,CIV142E6_S29_L001,ERR16714712,ERS29128517,Malawi,Hospital environment,Chatinkha Nursery,No,2020,5,335,25,Neonatal unit sampling,1,1,21,21,ERX16105677,Supplied isolate accession workbook,1,1,0,0,blaOXA-1; blaOXA-10; cmlA5; floR; dfrA23; blaCTX-M-15; qnrB1; tet(A); sul2; aac(3)-IIe; aac(6')-Ib-cr5; aadA1; aph(3'')-Ib; aph(6)-Id; arr-2; qacEdelta1,10,16,1,1,CC25-01,ST335-01,CIV142E6 | ERR16714712,21
CIV143U1,CIV143U1_S32_L001,ERR16714716,ERS29128521,Malawi,Hospital environment,Chatinkha Nursery,No,2020,5,335,25,Neonatal unit sampling,1,1,22,22,ERX16105681,Supplied isolate accession workbook,1,1,0,0,blaOXA-1; blaOXA-10; cmlA5; floR; dfrA23; blaCTX-M-15; qnrB1; tet(A); sul1; sul2; aac(3)-IIe; aac(6')-Ib-cr5; aadA1; aph(3'')-Ib; aph(6)-Id; arr-2; qacEdelta1,10,17,1,1,CC25-01,ST335-01,CIV143U1 | ERR16714716,22
CIV143E9,CIV143E9_S8_L001,ERR16714715,ERS29128520,Malawi,Hospital environment,Chatinkha Nursery,No,2020,5,335,25,Neonatal unit sampling,1,1,23,23,ERX16105680,Supplied isolate accession workbook,1,1,0,0,blaOXA-1; blaOXA-10; cmlA5; floR; dfrA23; blaCTX-M-15; qnrB1; tet(A); sul1; sul2; aac(3)-IIe; aac(6')-Ib-cr5; aadA1; aph(3'')-Ib; aph(6)-Id; arr-2; qacEdelta1,10,17,1,1,CC25-01,ST335-01,CIV143E9 | ERR16714715,23
CNS1F3,CNS1F3_S9_L001,ERR16714723,ERS29128528,Malawi,Human,Blood culture,Yes,2020,5,335,25,QECH clinical,1,1,24,24,ERX16105688,Supplied isolate accession workbook,1,1,0,0,blaOXA-1; blaOXA-10; cmlA5; floR; dfrA23; blaCTX-M-15; qnrB1; tet(A); sul1; sul2; aac(3)-IIe; aac(6')-Ib-cr5; aadA1; aph(3'')-Ib; aph(6)-Id; arr-2; qacEdelta1,10,17,0,Other,CC25-01,ST335-01,CNS1F3 | ERR16714723,24
CAAYSI,CAAYSI_S8_L001,ERR16714683,ERS29128488,Malawi,Human,Blood culture,Yes,2020,5,335,25,QECH clinical,1,1,25,25,ERX16105648,Supplied isolate accession workbook,1,1,0,0,blaOXA-1; blaOXA-10; cmlA5; floR; dfrA23; blaCTX-M-15; qnrB1; tet(A); sul1; sul2; aac(3)-IIe; aac(6')-Ib-cr5; aadA1; aph(3'')-Ib; aph(6)-Id; arr-2; qacEdelta1,10,17,0,Other,CC25-01,ST335-01,CAAYSI | ERR16714683,25
CIT15GS1,CIT15GS1_S23_L001,ERR16714692,ERS29128497,Malawi,Hospital environment,Chatinkha Nursery,No,2020,5,335,25,Neonatal unit sampling,1,1,26,26,ERX16105657,Supplied isolate accession workbook,1,1,0,0,blaOXA-1; blaOXA-10; cmlA5; floR; dfrA23; blaCTX-M-15; qnrB1; tet(A); sul1; sul2; aac(3)-IIe; aac(6')-Ib-cr5; aadA1; aph(3'')-Ib; aph(6)-Id; arr-2; qacEdelta1,10,17,1,1,CC25-01,ST335-01,CIT15GS1 | ERR16714692,26
CIV13RE2,CIV13RE2_S11_L001,ERR16714697,ERS29128502,Malawi,Hospital environment,Chatinkha Nursery,No,2020,5,335,25,Neonatal unit sampling,1,1,27,27,ERX16105662,Supplied isolate accession workbook,1,1,0,0,blaOXA-1; blaOXA-10; cmlA5; floR; dfrA23; blaCTX-M-15; qnrB1; tet(A); sul1; sul2; aac(3)-IIe; aac(6')-Ib-cr5; aadA1; aph(3'')-Ib; aph(6)-Id; arr-2; qacEdelta1,10,17,0,Other,CC25-01,ST335-01,CIV13RE2 | ERR16714697,27
CIV141E6,CIV141E6_S16_L001,ERR16714711,ERS29128516,Malawi,Hospital environment,Chatinkha Nursery,No,2020,5,335,25,Neonatal unit sampling,1,1,28,28,ERX16105676,Supplied isolate accession workbook,1,1,0,0,blaOXA-1; blaOXA-10; cmlA5; floR; dfrA23; blaCTX-M-15; qnrB1; tet(A); sul1; sul2; aac(3)-IIe; aac(6')-Ib-cr5; aadA1; aph(3'')-Ib; aph(6)-Id; arr-2; qacEdelta1,10,17,1,1,CC25-01,ST335-01,CIV141E6 | ERR16714711,28
CIS15HB1,CIS15HB1_S39_L001,ERR16714685,ERS29128490,Malawi,Hospital environment,Chatinkha Nursery,No,2020,5,335,25,Neonatal unit sampling,1,1,29,29,ERX16105650,Supplied isolate accession workbook,1,1,0,0,blaOXA-1; blaOXA-10; cmlA5; floR; dfrA23; blaCTX-M-15; qnrB1; tet(A); sul1; sul2; aac(3)-IIe; aac(6')-Ib-cr5; aadA1; aph(3'')-Ib; aph(6)-Id; arr-2; qacEdelta1,10,17,0,Other,CC25-01,ST335-01,CIS15HB1 | ERR16714685,29
CIV140U1,CIV140U1_S14_L001,ERR16714710,ERS29128515,Malawi,Hospital environment,Chatinkha Nursery,No,2020,5,335,25,Neonatal unit sampling,1,1,30,30,ERX16105675,Supplied isolate accession workbook,1,1,0,0,blaOXA-1; blaOXA-10; cmlA5; floR; dfrA23; blaCTX-M-15; qnrB1; tet(A); sul1; sul2; aac(3)-IIe; aac(6')-Ib-cr5; aadA1; aph(3'')-Ib; aph(6)-Id; arr-2; qacEdelta1,10,17,0,Other,CC25-01,ST335-01,CIV140U1 | ERR16714710,30
CIV140E4,CIV140E4_S26_L001,ERR16714707,ERS29128512,Malawi,Hospital environment,Chatinkha Nursery,No,2020,5,335,25,Neonatal unit sampling,1,1,31,31,ERX16105672,Supplied isolate accession workbook,1,1,0,0,blaOXA-1; blaOXA-10; cmlA5; floR; dfrA23; blaCTX-M-15; qnrB1; tet(A); sul2; aac(3)-IIe; aac(6')-Ib-cr5; aadA1; aph(3'')-Ib; aph(6)-Id; arr-2; qacEdelta1,10,16,0,Other,CC25-01,ST335-01,CIV140E4 | ERR16714707,31
CIV140E7,CIV140E7_S24_L001,ERR16714709,ERS29128514,Malawi,Hospital environment,Chatinkha Nursery,No,2020,5,335,25,Neonatal unit sampling,1,1,32,32,ERX16105674,Supplied isolate accession workbook,1,1,0,0,blaOXA-1; blaOXA-10; cmlA5; floR; dfrA23; blaCTX-M-15; qnrB1; tet(A); sul1; sul2; aac(3)-IIe; aac(6')-Ib-cr5; aadA1; aph(3'')-Ib; aph(6)-Id; arr-2; qacEdelta1,10,17,1,1,CC25-01,ST335-01,CIV140E7 | ERR16714709,32
CAAXQV,CAAXQV_S11_L001,ERR16714680,ERS29128485,Malawi,Human,Blood culture,Yes,2020,5,335,25,QECH clinical,1,1,33,33,ERX16105645,Supplied isolate accession workbook,1,1,0,0,blaOXA-1; blaOXA-10; cmlA5; floR; dfrA23; blaCTX-M-15; qnrB1; tet(A); sul1; sul2; aac(3)-IIe; aac(6')-Ib-cr5; aadA1; aph(3'')-Ib; aph(6)-Id; arr-2; qacEdelta1,10,17,0,Other,CC25-01,ST335-01,CAAXQV | ERR16714680,33
CIV13UE4,CIV13UE4_S38_L001,ERR16714698,ERS29128503,Malawi,Hospital environment,Chatinkha Nursery,No,2020,5,335,25,Neonatal unit sampling,1,1,34,34,ERX16105663,Supplied isolate accession workbook,1,1,0,0,blaOXA-1; blaOXA-10; cmlA5; floR; dfrA23; blaCTX-M-15; qnrB1; tet(A); sul1; sul2; aac(3)-IIe; aac(6')-Ib-cr5; aadA1; aph(3'')-Ib; aph(6)-Id; arr-2; qacEdelta1,10,17,0,Other,CC25-02,ST335-02,CIV13UE4 | ERR16714698,34
CIS15MR1,CIS15MR1_S17_L001,ERR16714686,ERS29128491,Malawi,Hospital environment,Chatinkha Nursery,No,2020,5,335,25,Neonatal unit sampling,1,1,35,35,ERX16105651,Supplied isolate accession workbook,1,1,0,0,blaOXA-1; blaOXA-10; cmlA5; floR; dfrA23; blaCTX-M-15; qnrB1; tet(A); sul1; sul2; aac(3)-IIe; aac(6')-Ib-cr5; aadA1; aph(3'')-Ib; aph(6)-Id; arr-2; qacEdelta1,10,17,0,Other,CC25-02,ST335-02,CIS15MR1 | ERR16714686,35
CIV13YE6,CIV13YE6_S9_L001,ERR16714704,ERS29128509,Malawi,Hospital environment,Chatinkha Nursery,No,2020,5,335,25,Neonatal unit sampling,1,1,36,36,ERX16105669,Supplied isolate accession workbook,1,1,0,0,blaOXA-1; blaOXA-10; cmlA5; floR; dfrA23; blaCTX-M-15; qnrB1; tet(A); sul1; sul2; aac(3)-IIe; aac(6')-Ib-cr5; aadA1; aph(3'')-Ib; aph(6)-Id; arr-2; qacEdelta1,10,17,1,1,CC25-02,ST335-02,CIV13YE6 | ERR16714704,36
CIV143E4,CIV143E4_S31_L001,ERR16714714,ERS29128519,Malawi,Hospital environment,Chatinkha Nursery,No,2020,5,335,25,Neonatal unit sampling,1,1,37,37,ERX16105679,Supplied isolate accession workbook,1,1,0,0,blaOXA-1; blaOXA-10; cmlA5; floR; dfrA23; blaCTX-M-15; qnrB1; tet(A); sul1; sul2; aac(3)-IIe; aac(6')-Ib-cr5; aadA1; aph(3'')-Ib; aph(6)-Id; arr-2; qacEdelta1,10,17,1,0,CC25-02,ST335-02,CIV143E4 | ERR16714714,37
CIV13XE5,CIV13XE5_S19_L001,ERR16714701,ERS29128506,Malawi,Hospital environment,Chatinkha Nursery,No,2020,5,335,25,Neonatal unit sampling,1,1,38,38,ERX16105666,Supplied isolate accession workbook,1,1,0,0,blaOXA-1; blaOXA-10; cmlA5; floR; dfrA23; blaCTX-M-15; qnrB1; tet(A); sul1; sul2; aac(3)-IIe; aac(6')-Ib-cr5; aadA1; aph(3'')-Ib; aph(6)-Id; arr-2; qacEdelta1,10,17,0,Other,CC25-02,ST335-02,CIV13XE5 | ERR16714701,38
CIT15GH1,CIT15GH1_S36_L001,ERR16714691,ERS29128496,Malawi,Hospital environment,Chatinkha Nursery,No,2020,5,335,25,Neonatal unit sampling,1,1,39,39,ERX16105656,Supplied isolate accession workbook,1,1,0,0,blaOXA-1; blaOXA-10; cmlA5; floR; dfrA23; blaCTX-M-15; qnrB1; tet(A); sul1; sul2; aac(3)-IIe; aac(6')-Ib-cr5; aadA1; aph(3'')-Ib; aph(6)-Id; arr-2; qacEdelta1,10,17,0,Other,CC25-02,ST335-02,CIT15GH1 | ERR16714691,39
CIV140E1,CIV140E1_S30_L001,ERR16714706,ERS29128511,Malawi,Hospital environment,Chatinkha Nursery,No,2020,5,335,25,Neonatal unit sampling,1,1,40,40,ERX16105671,Supplied isolate accession workbook,1,1,0,0,blaOXA-1; blaOXA-10; cmlA5; floR; dfrA23; blaCTX-M-15; qnrB1; tet(A); sul1; sul2; aac(3)-IIe; aac(6')-Ib-cr5; aadA1; aph(3'')-Ib; aph(6)-Id; arr-2; qacEdelta1,10,17,0,Other,CC25-02,ST335-02,CIV140E1 | ERR16714706,40
CIV140E6,CIV140E6_S2_L001,ERR16714708,ERS29128513,Malawi,Hospital environment,Chatinkha Nursery,No,2020,5,335,25,Neonatal unit sampling,1,1,41,41,ERX16105673,Supplied isolate accession workbook,1,1,0,0,blaOXA-1; blaOXA-10; cmlA5; floR; dfrA23; blaCTX-M-15; qnrB1; tet(A); sul1; sul2; aac(3)-IIe; aac(6')-Ib-cr5; aadA1; aph(3'')-Ib; aph(6)-Id; arr-2; qacEdelta1,10,17,1,1,CC25-02,ST335-02,CIV140E6 | ERR16714708,41
CIU13XS1,CIU13XS1_S15_L001,ERR16714693,ERS29128498,Malawi,Hospital environment,Chatinkha Nursery,No,2020,5,335,25,Neonatal unit sampling,1,1,42,42,ERX16105658,Supplied isolate accession workbook,1,1,0,0,blaOXA-1; blaOXA-10; cmlA5; floR; dfrA23; blaCTX-M-15; qnrB1; tet(A); sul1; sul2; aac(3)-IIe; aac(6')-Ib-cr5; aadA1; aph(3'')-Ib; aph(6)-Id; arr-2; qacEdelta1,10,17,0,Other,CC25-02,ST335-02,CIU13XS1 | ERR16714693,42
CIV146E8,CIV146E8_S25_L001,ERR16714719,ERS29128524,Malawi,Hospital environment,Chatinkha Nursery,No,2020,5,335,25,Neonatal unit sampling,1,1,43,43,ERX16105684,Supplied isolate accession workbook,1,1,0,0,blaOXA-1; blaOXA-10; cmlA5; floR; dfrA23; blaCTX-M-15; qnrB1; tet(A); sul2; aac(3)-IIe; aac(6')-Ib-cr5; aadA1; aph(3'')-Ib; aph(6)-Id; arr-2; qacEdelta1,10,16,1,1,CC25-02,ST335-02,CIV146E8 | ERR16714719,43
CIU149H1,CIU149H1_S7_L001,ERR16714695,ERS29128500,Malawi,Hospital environment,Chatinkha Nursery,No,2020,5,335,25,Neonatal unit sampling,1,1,44,44,ERX16105660,Supplied isolate accession workbook,1,1,0,0,blaOXA-1; blaOXA-10; cmlA5; floR; dfrA23; blaCTX-M-15; qnrB1; tet(A); sul1; sul2; aac(3)-IIe; aac(6')-Ib-cr5; aadA1; aph(3'')-Ib; aph(6)-Id; arr-2; qacEdelta1,10,17,1,0,CC25-02,ST335-02,CIU149H1 | ERR16714695,44
CIV144E6,CIV144E6_S33_L001,ERR16714717,ERS29128522,Malawi,Hospital environment,Chatinkha Nursery,No,2020,5,335,25,Neonatal unit sampling,1,1,45,45,ERX16105682,Supplied isolate accession workbook,1,1,0,0,blaOXA-1; blaOXA-10; cmlA5; floR; dfrA23; blaCTX-M-15; qnrB1; tet(A); sul1; sul2; aac(3)-IIe; aac(6')-Ib-cr5; aadA1; aph(3'')-Ib; aph(6)-Id; arr-2; qacEdelta1,10,17,1,0,CC25-02,ST335-02,CIV144E6 | ERR16714717,45
CIV13VE5,CIV13VE5_S21_L001,ERR16714699,ERS29128504,Malawi,Hospital environment,Chatinkha Nursery,No,2020,5,335,25,Neonatal unit sampling,1,1,46,46,ERX16105664,Supplied isolate accession workbook,1,1,0,0,blaOXA-1; blaOXA-10; cmlA5; floR; dfrA23; blaCTX-M-15; qnrB1; tet(A); sul1; sul2; aac(3)-IIe; aac(6')-Ib-cr5; aadA1; aph(3'')-Ib; aph(6)-Id; arr-2; qacEdelta1,10,17,0,Other,CC25-02,ST335-02,CIV13VE5 | ERR16714699,46
CIV13YE8,CIV13YE8_S22_L001,ERR16714705,ERS29128510,Malawi,Hospital environment,Chatinkha Nursery,No,2020,5,335,25,Neonatal unit sampling,1,1,47,47,ERX16105670,Supplied isolate accession workbook,1,1,0,0,blaOXA-1; blaOXA-10; cmlA5; floR; dfrA23; blaCTX-M-15; qnrB1; tet(A); sul1; sul2; aac(3)-IIe; aac(6')-Ib-cr5; aadA1; aph(3'')-Ib; aph(6)-Id; arr-2; qacEdelta1,10,17,1,0,CC25-02,ST335-02,CIV13YE8 | ERR16714705,47
CIV144U1,CIV144U1_S34_L001,ERR16714718,ERS29128523,Malawi,Hospital environment,Chatinkha Nursery,No,2020,5,335,25,Neonatal unit sampling,1,1,48,48,ERX16105683,Supplied isolate accession workbook,1,1,0,0,blaOXA-1; blaOXA-10; cmlA5; floR; dfrA23; blaCTX-M-15; qnrB1; tet(A); sul1; sul2; aac(3)-IIe; aac(6')-Ib-cr5; aadA1; aph(3'')-Ib; aph(6)-Id; arr-2; qacEdelta1,10,17,1,1,CC25-02,ST335-02,CIV144U1 | ERR16714718,48
CNSP0U,CNSP0U_S18_L001,ERR16714732,ERS29128537,Malawi,Human,Blood culture,Yes,2023,5,335,25,QECH clinical,1,1,49,49,ERX16105697,Supplied isolate accession workbook,1,1,0,0,blaOXA-10; cmlA5; floR; dfrA23; blaCTX-M-15; qnrB1; tet(A); sul1; sul2; aac(3)-IIe; aadA1; aph(3'')-Ib; aph(6)-Id; arr-2; qacEdelta1,9,15,0,Other,CC25-02,ST335-02,CNSP0U | ERR16714732,49
CNSKFP,CNSKFP_S19_L001,ERR16714729,ERS29128534,Malawi,Human,Blood culture,Yes,2022,5,335,25,QECH clinical,1,1,50,50,ERX16105694,Supplied isolate accession workbook,1,1,0,0,blaOXA-10; cmlA5; floR; dfrA23; blaCTX-M-15; qnrB1; sul1; aac(3)-IIe; aadA1; aph(3'')-Ib; aph(6)-Id; arr-2; qacEdelta1,9,13,0,Other,CC25-02,ST335-02,CNSKFP | ERR16714729,50
CNSLL4,CNSLL4_S20_L001,ERR16714730,ERS29128535,Malawi,Human,Blood culture,Yes,2022,5,335,25,QECH clinical,1,1,51,51,ERX16105695,Supplied isolate accession workbook,1,1,0,0,blaOXA-10; cmlA5; floR; dfrA23; blaCTX-M-15; qnrB1; tet(A); sul1; sul2; aac(3)-IIe; aadA1; aph(3'')-Ib; aph(6)-Id; arr-2; qacEdelta1,9,15,0,Other,CC25-02,ST335-02,CNSLL4 | ERR16714730,51
ERR9941258,ERR9941258,ERR9941258,ERS12446656,South Africa,Human,Stool,No,2022,5,335,25,Other,1,1,52,52,,Supplied isolate accession workbook,1,1,0,0,blaOXA-1; blaOXA-10; cmlA5; floR; dfrA23; blaCTX-M-15; qnrB1; tet(A); sul1; sul2; aac(3)-IIe; aac(6')-Ib-cr5; aadA1; aph(3'')-Ib; aph(6)-Id; arr-2; qacEdelta1,10,17,0,Other,CC25-02,ST335-02,ERR9941258,52
ERR9929342,ERR9929342,ERR9929342,ERS12419513,South Africa,Human,Stool,No,2022,5,335,25,Other,1,1,53,53,,Supplied isolate accession workbook,1,1,0,0,blaOXA-1; blaOXA-10; cmlA5; floR; dfrA23; blaCTX-M-15; qnrB1; tet(A); sul1; sul2; aac(3)-IIe; aac(6')-Ib-cr5; aadA1; aph(3'')-Ib; aph(6)-Id; arr-2; qacEdelta1,10,17,0,Other,CC25-02,ST335-02,ERR9929342,53
ERR9966382,ERR9966382,ERR9966382,ERS12472969,South Africa,Human,Stool,No,2022,5,335,25,Other,1,1,54,54,,Supplied isolate accession workbook,1,1,0,0,blaOXA-1; blaOXA-10; cmlA5; floR; dfrA23; blaCTX-M-15; qnrB1; tet(A); sul1; sul2; aac(3)-IIe; aac(6')-Ib-cr5; aadA1; aph(3'')-Ib; aph(6)-Id; arr-2; qacEdelta1,10,17,0,Other,CC25-02,ST335-02,ERR9966382,54
CLL3JA,CLL3JA_S28_L001,ERR16714721,ERS29128526,Malawi,Human,Blood culture,Yes,2020,5,335,25,QECH clinical,1,1,55,55,ERX16105686,Supplied isolate accession workbook,1,1,0,0,blaOXA-1; blaOXA-10; cmlA5; floR; dfrA23; blaCTX-M-15; qnrB1; sul1; sul2; aac(3)-IIe; aac(6')-Ib-cr5; aadA1; aph(3'')-Ib; aph(6)-Id; arr-2; qacEdelta1,10,16,0,Other,CC25-02,ST335-02,CLL3JA | ERR16714721,55
CNS7YP,CNS7YP_S5_L001,ERR16714726,ERS29128531,Malawi,Human,Blood culture,Yes,2021,5,335,25,QECH clinical,1,1,56,56,ERX16105691,Supplied isolate accession workbook,1,1,0,0,blaOXA-1; blaOXA-10; cmlA5; floR; dfrA23; blaCTX-M-15; qnrB1; tet(A); sul1; sul2; aac(3)-IIe; aac(6')-Ib-cr5; aadA1; aph(3'')-Ib; aph(6)-Id; arr-2; qacEdelta1,10,17,0,Other,CC25-02,ST335-02,CNS7YP | ERR16714726,56
BKRRIF,BKRRIF_S2_L001,ERR16714670,ERS29128475,Malawi,Human,CSF,Yes,2021,5,335,25,QECH clinical,1,1,57,57,ERX16105635,Supplied isolate accession workbook,1,1,0,0,blaOXA-1; blaOXA-10; cmlA5; floR; dfrA23; blaCTX-M-15; qnrB1; tet(A); sul1; sul2; aac(3)-IIe; aac(6')-Ib-cr5; aadA1; aph(3'')-Ib; aph(6)-Id; arr-2; qacEdelta1,10,17,0,Other,CC25-02,ST335-02,BKRRIF | ERR16714670,57
CNS6QU,CNS6QU_S4_L001,ERR16714725,ERS29128530,Malawi,Human,Blood culture,Yes,2020,5,335,25,QECH clinical,1,1,58,58,ERX16105690,Supplied isolate accession workbook,1,1,0,0,blaOXA-1; blaOXA-10; cmlA5; floR; dfrA23; blaCTX-M-15; qnrB1; tet(A); sul1; sul2; aac(3)-IIe; aac(6')-Ib-cr5; aadA1; aph(3'')-Ib; aph(6)-Id; arr-2; qacEdelta1,10,17,0,Other,CC25-02,ST335-02,CNS6QU | ERR16714725,58
44341_3_96,44341_3#96,ERR16714666,ERS29128471,Malawi,River,Water associated sample,No,2020,5,335,25,River water,1,1,59,59,ERX16105631,Supplied isolate accession workbook,0,1,0,0,blaOXA-1; blaOXA-10; cmlA5; floR; dfrA23; blaCTX-M-15; tet(A); sul1; sul2; aac(3)-IIe; aac(6')-Ib-cr5; aadA1; aph(3'')-Ib; aph(6)-Id; arr-2; qacEdelta1,9,16,0,Other,CC25-02,ST335-02,44341_3_96 | ERR16714666,59
44341_3_21,44341_3#21,ERR16714657,ERS29128462,Malawi,River,Water associated sample,No,2020,5,335,25,River water,1,1,60,60,ERX16105622,Supplied isolate accession workbook,1,1,0,0,blaOXA-1; blaOXA-10; cmlA5; floR; dfrA23; blaCTX-M-15; qnrB1; tet(A); sul1; sul2; aac(3)-IIe; aac(6')-Ib-cr5; aadA1; aph(3'')-Ib; aph(6)-Id; arr-2; qacEdelta1,10,17,0,Other,CC25-02,ST335-02,44341_3_21 | ERR16714657,60
BKRMVD,BKRMVD_S15_L001,ERR16714669,ERS29128474,Malawi,Human,CSF,Yes,2020,5,335,25,QECH clinical,1,1,61,61,ERX16105634,Supplied isolate accession workbook,1,1,0,0,blaOXA-1; blaOXA-10; cmlA5; floR; dfrA23; blaCTX-M-15; qnrB1; tet(A); sul1; sul2; aac(3)-IIe; aac(6')-Ib-cr5; aadA1; aph(3'')-Ib; aph(6)-Id; arr-2; qacEdelta1,10,17,0,Other,CC25-02,ST335-02,BKRMVD | ERR16714669,61
CAAYDF,CAAYDF_S3_L001,ERR16714681,ERS29128486,Malawi,Human,Blood culture,Yes,2020,5,335,25,QECH clinical,1,1,62,62,ERX16105646,Supplied isolate accession workbook,1,1,0,0,blaOXA-1; blaOXA-10; cmlA5; floR; dfrA23; blaCTX-M-15; qnrB1; tet(A); sul1; sul2; aac(3)-IIe; aac(6')-Ib-cr5; aadA1; aph(3'')-Ib; aph(6)-Id; arr-2; qacEdelta1,10,17,0,Other,CC25-02,ST335-02,CAAYDF | ERR16714681,62
CAAXBN,CAAXBN_S10_L001,ERR16714679,ERS29128484,Malawi,Human,Blood culture,Yes,2019,5,335,25,QECH clinical,1,1,63,63,ERX16105644,Supplied isolate accession workbook,1,1,0,0,blaOXA-1; blaOXA-10; cmlA5; floR; dfrA23; blaCTX-M-15; qnrB1; sul1; aac(3)-IIe; aac(6')-Ib-cr5; aadA1; aph(3'')-Ib; aph(6)-Id; arr-2; qacEdelta1,10,15,0,Other,CC25-02,ST335-02,CAAXBN | ERR16714679,63
44341_3_165,44341_3#165,ERR16714656,ERS29128461,Malawi,River,Water associated sample,No,2020,5,335,25,River water,1,1,64,64,ERX16105621,Supplied isolate accession workbook,1,1,0,0,blaOXA-1; blaOXA-10; cmlA5; floR; dfrA23; blaCTX-M-15; qnrB1; tet(A); sul1; sul2; aac(3)-IIe; aac(6')-Ib-cr5; aadA1; aph(3'')-Ib; aph(6)-Id; arr-2; qacEdelta1,10,17,0,Other,CC25-02,ST335-02,44341_3_165 | ERR16714656,64
44341_3_262,44341_3#262,ERR16714658,ERS29128463,Malawi,River,Water associated sample,No,2020,5,335,25,River water,1,1,65,65,ERX16105623,Supplied isolate accession workbook,1,1,0,0,blaOXA-1; blaOXA-10; cmlA5; floR; dfrA23; blaCTX-M-15; qnrB1; tet(A); sul1; sul2; aac(3)-IIe; aac(6')-Ib-cr5; aadA1; aph(3'')-Ib; aph(6)-Id; arr-2; qacEdelta1,10,17,0,Other,CC25-02,ST335-02,44341_3_262 | ERR16714658,65
44341_3_265,44341_3#265,ERR16714659,ERS29128464,Malawi,River,Water associated sample,No,2020,5,335,25,River water,1,1,66,66,ERX16105624,Supplied isolate accession workbook,1,1,0,0,blaOXA-1; blaOXA-10; cmlA5; floR; dfrA23; blaCTX-M-15; qnrB1; tet(A); sul1; sul2; aac(3)-IIe; aac(6')-Ib-cr5; aadA1; aph(3'')-Ib; aph(6)-Id; arr-2; qacEdelta1,10,17,0,Other,CC25-02,ST335-02,44341_3_265 | ERR16714659,66
44341_4_286,44341_4#286,ERR16714668,ERS29128473,Malawi,River,Water associated sample,No,2020,5,335,25,River water,1,1,67,67,ERX16105633,Supplied isolate accession workbook,1,1,0,0,blaOXA-1; blaOXA-10; cmlA5; floR; dfrA23; blaCTX-M-15; qnrB1; tet(A); sul1; sul2; aac(3)-IIe; aac(6')-Ib-cr5; aadA1; aph(3'')-Ib; aph(6)-Id; arr-2; qacEdelta1,10,17,0,Other,CC25-03,ST335-03,44341_4_286 | ERR16714668,67
44341_3_268,44341_3#268,ERR16714660,ERS29128465,Malawi,River,Water associated sample,No,2020,5,335,25,River water,1,1,68,68,ERX16105625,Supplied isolate accession workbook,1,1,0,0,blaOXA-1; blaOXA-10; cmlA5; floR; dfrA23; blaCTX-M-15; qnrB1; tet(A); sul1; sul2; aac(3)-IIe; aac(6')-Ib-cr5; aadA1; aph(3'')-Ib; aph(6)-Id; arr-2; qacEdelta1,10,17,0,Other,CC25-03,ST335-03,44341_3_268 | ERR16714660,68
44341_3_280,44341_3#280,ERR16714661,ERS29128466,Malawi,River,Water associated sample,No,2020,5,335,25,River water,1,1,69,69,ERX16105626,Supplied isolate accession workbook,1,1,0,0,blaOXA-1; blaOXA-10; cmlA5; floR; dfrA23; blaCTX-M-15; qnrB1; tet(A); sul1; sul2; aac(3)-IIe; aac(6')-Ib-cr5; aadA1; aph(3'')-Ib; aph(6)-Id; arr-2; qacEdelta1,10,17,0,Other,CC25-03,ST335-03,44341_3_280 | ERR16714661,69
CAAP2A,CAAP2A_S14_L001,ERR16714672,ERS29128477,Malawi,Human,Blood culture,Yes,2019,5,335,25,QECH clinical,1,1,70,70,ERX16105637,Supplied isolate accession workbook,1,1,0,0,blaOXA-1; blaOXA-10; cmlA5; floR; dfrA23; blaCTX-M-15; qnrB1; tet(A); sul1; sul2; aac(3)-IIe; aac(6')-Ib-cr5; aadA1; aph(3'')-Ib; aph(6)-Id; arr-2; qacEdelta1,10,17,0,Other,CC25-03,ST335-03,CAAP2A | ERR16714672,70
CNSFP4,CNSFP4_S1_L001,ERR16714728,ERS29128533,Malawi,Human,Blood culture,Yes,2022,5,335,25,QECH clinical,1,1,71,71,ERX16105693,Supplied isolate accession workbook,0,1,0,0,blaOXA-1; blaOXA-10; cmlA5; floR; dfrA23; blaCTX-M-15; tet(A); sul1; sul2; aac(6')-Ib-cr5; aadA1; aph(3'')-Ib; aph(6)-Id; arr-2; qacEdelta1,9,15,0,Other,CC25-03,ST335-03,CNSFP4 | ERR16714728,71
CNSDXZ,CNSDXZ_S1_L001,ERR16714727,ERS29128532,Malawi,Human,Blood culture,Yes,2021,5,335,25,QECH clinical,1,1,72,72,ERX16105692,Supplied isolate accession workbook,1,1,0,0,blaOXA-1; blaOXA-10; cmlA5; floR; dfrA23; blaCTX-M-15; qnrB1; tet(A); sul1; sul2; aac(3)-IIe; aac(6')-Ib-cr5; aadA1; aph(3'')-Ib; aph(6)-Id; arr-2; qacEdelta1,10,17,0,Other,CC25-03,ST335-03,CNSDXZ | ERR16714727,72
CAAQXB,CAAQXB_S13_L001,ERR16714675,ERS29128480,Malawi,Human,Blood culture,Yes,2019,5,335,25,QECH clinical,1,1,73,73,ERX16105640,Supplied isolate accession workbook,1,1,0,0,blaOXA-1; blaOXA-10; cmlA5; dfrA23; blaCTX-M-15; qnrB1; tet(A); sul1; sul2; aac(3)-IIe; aac(6')-Ib-cr5; aadA1; aph(3'')-Ib; aph(6)-Id; arr-2; qacEdelta1,10,16,0,Other,CC25-03,ST335-03,CAAQXB | ERR16714675,73
CAAR9T,CAAR9T_S6_L001,ERR16714676,ERS29128481,Malawi,Human,Blood culture,Yes,2019,5,335,25,QECH clinical,1,1,74,74,ERX16105641,Supplied isolate accession workbook,1,1,0,0,blaOXA-1; blaOXA-10; cmlA5; dfrA23; blaCTX-M-15; qnrB1; tet(A); sul1; sul2; aac(3)-IIe; aac(6')-Ib-cr5; aadA1; aph(3'')-Ib; aph(6)-Id; arr-2; qacEdelta1,10,16,0,Other,CC25-03,ST335-03,CAAR9T | ERR16714676,74
CAAQUT,CAAQUT_S12_L001,ERR16714674,ERS29128479,Malawi,Human,Blood culture,Yes,2018,5,335,25,QECH clinical,1,1,75,75,ERX16105639,Supplied isolate accession workbook,1,1,0,0,blaOXA-1; blaOXA-10; cmlA5; dfrA23; blaCTX-M-15; qnrB1; tet(A); sul1; sul2; aac(3)-IIe; aac(6')-Ib-cr5; aadA1; aph(3'')-Ib; aph(6)-Id; arr-2; qacEdelta1,10,16,0,Other,CC25-03,ST335-03,CAAQUT | ERR16714674,75
CAARE3,CAARE3_S13_L001,ERR16714677,ERS29128482,Malawi,Human,Blood culture,Yes,2019,5,335,25,QECH clinical,1,1,76,76,ERX16105642,Supplied isolate accession workbook,1,1,0,0,blaOXA-1; blaOXA-10; cmlA5; dfrA23; blaCTX-M-15; qnrB1; tet(A); sul1; sul2; aac(3)-IIe; aac(6')-Ib-cr5; aadA1; aph(3'')-Ib; aph(6)-Id; arr-2; qacEdelta1,10,16,0,Other,CC25-03,ST335-03,CAARE3 | ERR16714677,76
CLL6CH,CLL6CH_S17_L001,ERR16714722,ERS29128527,Malawi,Human,Blood culture,Yes,2022,5,335,25,QECH clinical,1,1,77,77,ERX16105687,Supplied isolate accession workbook,1,1,0,0,blaOXA-1; blaOXA-10; cmlA5; floR; dfrA23; blaCTX-M-15; qnrB1; tet(A); sul1; aac(3)-IIe; aac(6')-Ib-cr5; aadA1; aph(3'')-Ib; aph(6)-Id; arr-2; qacEdelta1,10,16,0,Other,CC25-03,ST335-03,CLL6CH | ERR16714722,77
ERR10438737,ERR10438737,ERR10438737,ERS13617319,Mozambique,Human,Blood culture,Yes,2020,5,335,25,Other,1,1,78,78,,Supplied isolate accession workbook,1,1,0,0,blaOXA-10; cmlA5; floR; dfrA23; blaCTX-M-15; qnrB1; tet(A); sul1; sul2; aac(3)-IIe; aadA1; aph(3'')-Ib; aph(6)-Id; arr-2; qacEdelta1,9,15,0,Other,CC25-03,ST335-03,ERR10438737,78
ERR10113269,ERR10113269,ERR10113269,ERS12799913,South Africa,Human,Stool,No,2022,5,335,25,Other,1,1,79,79,,Supplied isolate accession workbook,1,1,0,1,blaOXA-1; floR; dfrA14; blaCTX-M-15; qnrB1; mph(A); tet(A); sul2; aac(3)-IIe; aac(6')-Ib-cr5; aph(3'')-Ib; aph(6)-Id,9,12,0,Other,CC25-03,ST335-03,ERR10113269,79
ERR6752971,ERR6752971,ERR6752971,ERS7770191,South Africa,Human,Stool,No,2020,5,335,25,Other,1,1,80,80,,Supplied isolate accession workbook,1,1,0,1,blaTEM-1; blaOXA-1; blaOXA-10; cmlA5; floR; dfrA23; blaCTX-M-15; qnrB1; mph(A); tet(A); sul1; sul2; aac(6')-Ib-cr5; aadA1; aph(3'')-Ib; aph(6)-Id; arr-2; qacEdelta1,11,18,0,Other,CC25-03,ST335-03,ERR6752971,80
ERR5751227,ERR5751227,ERR5751227,ERS6282873,South Africa,Human,Stool,No,2020,5,335,25,Other,1,1,81,81,,Supplied isolate accession workbook,1,1,0,1,blaTEM-1; blaOXA-1; blaOXA-10; cmlA5; floR; dfrA23; blaCTX-M-15; qnrB1; mph(A); tet(A); sul1; sul2; aac(6')-Ib-cr5; aadA1; aph(3'')-Ib; aph(6)-Id; arr-2; qacEdelta1,11,18,0,Other,CC25-03,ST335-03,ERR5751227,81
ERR9976609,ERR9976609,ERR9976609,ERS12496855,South Africa,Human,Stool,No,2021,5,335,25,Other,1,1,82,82,,Supplied isolate accession workbook,1,1,0,1,blaOXA-1; blaOXA-10; cmlA5; floR; dfrA14; dfrA23; blaCTX-M-15; qnrB1; mph(A); tet(A); sul1; sul2; aac(3)-IIe; aac(6')-Ib-cr5; aadA1; aph(3'')-Ib; aph(6)-Id; arr-2; qacEdelta1,11,19,0,Other,CC25-03,ST335-03,ERR9976609,82
ERR11219800,ERR11219800,ERR11219800,ERS14904180,South Africa,Human,Stool,No,2022,5,335,25,Other,1,1,83,83,,Supplied isolate accession workbook,1,1,0,1,blaOXA-1; blaOXA-10; cmlA5; floR; dfrA14; dfrA23; blaCTX-M-15; qnrB1; mph(A); tet(A); sul1; sul2; aac(3)-IIe; aac(6')-Ib-cr5; aadA1; aph(3'')-Ib; aph(6)-Id; arr-2; qacEdelta1,11,19,0,Other,CC25-03,ST335-03,ERR11219800,83
ERR12142619,ERR12142619,ERR12142619,ERS16508086,South Africa,Human,Stool,No,2023,5,335,25,Other,1,1,84,84,,Supplied isolate accession workbook,1,1,0,1,blaOXA-1; blaOXA-10; cmlA5; floR; dfrA14; dfrA23; blaCTX-M-15; qnrB1; mph(A); tet(A); sul1; sul2; aac(3)-IIe; aac(6')-Ib-cr5; aadA1; aph(3'')-Ib; aph(6)-Id; arr-2; qacEdelta1,11,19,0,Other,CC25-03,ST335-03,ERR12142619,84
ERR11747325,ERR11747325,ERR11747325,ERS16093247,South Africa,Human,Blood culture,Yes,2023,5,335,25,Other,1,1,85,85,,Supplied isolate accession workbook,1,1,1,1,blaTEM-1; blaOXA-1; blaOXA-10; cmlA5; floR; dfrA14; dfrA23; blaCTX-M-15; qnrB1; mph(A); mph(E); msr(E); tet(A); sul1; sul2; aac(3)-IId; aac(6')-Ib-cr5; aadA1; aph(3'')-Ib; aph(6)-Id; armA; blaNDM-1; arr-2; ble,13,24,0,Other,CC25-03,ST335-03,ERR11747325,85
ERR11502778,ERR11502778,ERR11502778,ERS15562768,South Africa,Human,Blood culture,Yes,2023,5,335,25,Other,1,1,86,86,,Supplied isolate accession workbook,1,1,1,1,blaTEM-1; blaOXA-1; blaOXA-10; cmlA5; floR; dfrA14; dfrA23; blaCTX-M-15; qnrB1; mph(A); mph(E); msr(E); tet(A); sul1; sul2; aac(3)-IId; aac(6')-Ib-cr5; aadA1; aph(3'')-Ib; aph(6)-Id; armA; blaNDM-1; arr-2; ble,13,24,0,Other,CC25-03,ST335-03,ERR11502778,86
ERR7197834,ERR7197834,ERR7197834,ERS8210686,South Africa,Human,Urine,No,2021,5,335,25,Other,1,1,87,87,,Supplied isolate accession workbook,1,1,0,1,blaOXA-1; blaOXA-10; cmlA5; floR; dfrA14; dfrA23; blaCTX-M-15; qnrB1; mph(A); tet(A); sul1; sul2; aac(3)-IIe; aac(6')-Ib-cr5; aadA1; aph(3'')-Ib; aph(6)-Id; arr-2; qacEdelta1,11,19,0,Other,CC25-03,ST335-03,ERR7197834,87
ERR9079758,ERR9079758,ERR9079758,ERS10862849,South Africa,Human,Blood culture,Yes,2021,5,335,25,Other,1,1,88,88,,Supplied isolate accession workbook,1,1,1,1,blaTEM-1; blaOXA-1; floR; dfrA14; blaCTX-M-15; qnrB1; mph(A); mph(E); msr(E); tet(A); sul1; sul2; aac(3)-IId; aac(6')-Ib-cr5; aph(3'')-Ib; aph(6)-Id; armA; blaNDM-1; qacE; ble,12,20,0,Other,CC25-03,ST335-03,ERR9079758,88
ERR6806255,ERR6806255,ERR6806255,ERS7644978,South Africa,Human,Blood culture,Yes,2021,5,335,25,Other,1,1,89,89,,Supplied isolate accession workbook,1,1,1,1,blaOXA-1; blaOXA-10; cmlA5; floR; dfrA14; dfrA23; blaCTX-M-15; qnrB1; mph(A); tet(A); sul1; sul2; aac(3)-IIe; aac(6')-Ib-cr5; aadA1; aph(3'')-Ib; aph(6)-Id; blaOXA-48; arr-2; qacEdelta1,11,20,0,Other,CC25-03,ST335-03,ERR6806255,89
ERR6805990,ERR6805990,ERR6805990,ERS7644713,South Africa,Human,Rectal swab,No,2020,5,335,25,Other,1,1,90,90,,Supplied isolate accession workbook,0,1,0,1,blaOXA-1; blaOXA-10; cmlA5; floR; dfrA14; dfrA23; blaCTX-M-15; mph(A); tet(A); sul1; sul2; aac(3)-IIe; aac(6')-Ib-cr5; aadA1; aph(3'')-Ib; aph(6)-Id; arr-2; qacEdelta1,10,18,0,Other,CC25-03,ST335-03,ERR6805990,90
ERR6806776,ERR6806776,ERR6806776,ERS7645497,South Africa,Human,Stool,No,2021,5,335,25,Other,1,1,91,91,,Supplied isolate accession workbook,1,1,0,1,blaOXA-1; blaOXA-10; cmlA5; floR; dfrA14; dfrA23; blaCTX-M-15; qnrB1; mph(A); tet(A); sul1; sul2; aac(3)-IIe; aac(6')-Ib-cr5; aadA1; aph(3'')-Ib; aph(6)-Id; arr-2; qacEdelta1,11,19,0,Other,CC25-03,ST335-03,ERR6806776,91
ERR5750995,ERR5750995,ERR5750995,ERS6282641,South Africa,Human,Stool,No,2020,5,335,25,Other,1,1,92,92,,Supplied isolate accession workbook,1,1,0,1,blaOXA-1; blaOXA-10; cmlA5; floR; dfrA14; dfrA23; blaCTX-M-15; qnrB1; mph(A); tet(A); sul1; sul2; aac(3)-IIe; aac(6')-Ib-cr5; aadA1; aph(3'')-Ib; aph(6)-Id; arr-2; qacEdelta1,11,19,0,Other,CC25-03,ST335-03,ERR5750995,92
ERR6806749,ERR6806749,ERR6806749,ERS7645470,South Africa,Human,Blood culture,Yes,2021,5,335,25,Other,1,1,93,93,,Supplied isolate accession workbook,1,1,0,1,blaOXA-1; blaOXA-10; cmlA5; floR; dfrA14; dfrA23; blaCTX-M-15; qnrB1; mph(A); tet(A); sul1; sul2; aac(3)-IIe; aac(6')-Ib-cr5; aadA1; aph(3'')-Ib; aph(6)-Id; arr-2; qacEdelta1,11,19,0,Other,CC25-03,ST335-03,ERR6806749,93
ERR6805998,ERR6805998,ERR6805998,ERS7644721,South Africa,Human,Urine,No,2020,5,335,25,Other,1,1,94,94,,Supplied isolate accession workbook,1,1,0,1,blaOXA-1; blaOXA-10; cmlA5; floR; dfrA14; dfrA23; blaCTX-M-15; qnrB1; mph(A); tet(A); sul1; sul2; aac(3)-IIe; aac(6')-Ib-cr5; aadA1; aph(3'')-Ib; aph(6)-Id; arr-2; qacEdelta1,11,19,0,Other,CC25-03,ST335-03,ERR6805998,94
ERR6806833,ERR6806833,ERR6806833,ERS7645554,South Africa,Human,Urine,No,2020,5,335,25,Other,1,1,95,95,,Supplied isolate accession workbook,1,1,0,1,blaOXA-1; blaOXA-10; cmlA5; floR; dfrA14; dfrA23; blaCTX-M-15; qnrB1; mph(A); tet(A); sul1; sul2; aac(3)-IIe; aac(6')-Ib-cr5; aadA1; aph(3'')-Ib; aph(6)-Id; arr-2; qacEdelta1,11,19,0,Other,CC25-03,ST335-03,ERR6806833,95
ERR12080226,ERR12080226,ERR12080226,ERS16430401,South Africa,Human,Blood culture,Yes,2023,5,335,25,Other,1,1,96,96,,Supplied isolate accession workbook,0,0,0,0,floR; dfrA14; tet(A); sul2; aph(3'')-Ib; aph(6)-Id,5,6,0,Other,CC25-03,ST335-03,ERR12080226,96
ERR12321283,ERR12321283,ERR12321283,ERS17171917,South Africa,Human,Stool,No,2023,5,335,25,Other,1,1,97,97,,Supplied isolate accession workbook,1,1,0,1,blaOXA-1; blaOXA-10; cmlA5; floR; dfrA14; dfrA23; blaCTX-M-15; qnrB1; mph(A); tet(A); sul1; sul2; aac(3)-IIe; aac(6')-Ib-cr5; aadA1; aph(3'')-Ib; aph(6)-Id; arr-2; qacEdelta1,11,19,0,Other,CC25-03,ST335-03,ERR12321283,97
ERR12321282,ERR12321282,ERR12321282,ERS17171916,South Africa,Human,Stool,No,2023,5,335,25,Other,1,1,98,98,,Supplied isolate accession workbook,1,1,0,1,blaOXA-1; blaOXA-10; cmlA5; floR; dfrA14; dfrA23; blaCTX-M-15; qnrB1; mph(A); tet(A); sul1; sul2; aac(3)-IIe; aac(6')-Ib-cr5; aadA1; aph(3'')-Ib; aph(6)-Id; arr-2; qacEdelta1,11,19,0,Other,CC25-03,ST335-03,ERR12321282,98
ERR12067314,ERR12067314,ERR12067314,ERS16390336,South Africa,Human,Blood culture,Yes,2023,5,335,25,Other,1,1,99,99,,Supplied isolate accession workbook,1,1,0,1,blaOXA-1; blaOXA-10; cmlA5; floR; dfrA14; dfrA23; blaCTX-M-15; qnrB1; mph(A); tet(A); sul1; sul2; aac(3)-IIe; aac(6')-Ib-cr5; aadA1; aph(3'')-Ib; aph(6)-Id; arr-2; qacEdelta1,11,19,0,Other,CC25-03,ST335-03,ERR12067314,99
ERR12321281,ERR12321281,ERR12321281,ERS17171915,South Africa,Human,Blood culture,Yes,2023,5,335,25,Other,1,1,100,100,,Supplied isolate accession workbook,1,1,1,1,blaTEM-1; blaOXA-1; blaOXA-10; cmlA5; floR; dfrA14; dfrA23; blaCTX-M-15; qnrB1; mph(A); mph(E); msr(E); tet(A); sul1; sul2; aac(3)-IId; aac(3)-IIe; aac(6')-Ib-cr5; aadA1; aph(3'')-Ib; aph(6)-Id; blaNDM-1; arr-2; ble,13,24,0,Other,CC25-04,ST335-04,ERR12321281,100
ERR12142634,ERR12142634,ERR12142634,ERS16508101,South Africa,Human,Blood culture,Yes,2023,5,335,25,Other,1,1,101,101,,Supplied isolate accession workbook,1,1,1,1,blaTEM-1; blaOXA-1; blaOXA-10; cmlA5; floR; dfrA14; dfrA23; blaCTX-M-15; qnrB1; mph(A); mph(E); msr(E); tet(A); sul1; sul2; aac(6')-Ib-cr5; aadA1; aph(3'')-Ib; aph(6)-Id; armA; blaNDM-1; arr-2; ble,13,23,0,Other,CC25-04,ST335-04,ERR12142634,101
ERR6753111,ERR6753111,ERR6753111,ERS7770331,South Africa,Human,Stool,No,2020,5,335,25,Other,1,1,102,102,,Supplied isolate accession workbook,1,1,0,1,blaOXA-1; blaOXA-10; cmlA5; floR; dfrA14; dfrA23; blaCTX-M-15; qnrB1; mph(A); tet(A); sul1; sul2; aac(3)-IIe; aac(6')-Ib-cr5; aadA1; aph(3'')-Ib; aph(6)-Id; arr-2; qacEdelta1,11,19,0,Other,CC25-04,ST335-04,ERR6753111,102
ERR6806796,ERR6806796,ERR6806796,ERS7645517,South Africa,Human,Blood culture,Yes,2020,5,335,25,Other,1,1,103,103,,Supplied isolate accession workbook,1,1,0,0,blaOXA-1; blaOXA-10; cmlA5; floR; dfrA14; dfrA23; blaCTX-M-15; qnrB1; tet(A); sul1; sul2; aac(3)-IIe; aac(6')-Ib-cr5; aadA1; aph(3'')-Ib; aph(6)-Id; arr-2; qacEdelta1,10,18,0,Other,CC25-04,ST335-04,ERR6806796,103
ERR6806789,ERR6806789,ERR6806789,ERS7645510,South Africa,Human,Stool,No,2021,5,335,25,Other,1,1,104,104,,Supplied isolate accession workbook,1,1,0,1,blaOXA-1; blaOXA-10; cmlA5; floR; dfrA14; dfrA23; blaCTX-M-15; qnrB1; mph(A); tet(A); sul1; sul2; aac(3)-IIe; aac(6')-Ib-cr5; aadA1; aph(3'')-Ib; aph(6)-Id; arr-2; qacEdelta1,11,19,0,Other,CC25-04,ST335-04,ERR6806789,104
ERR9971918,ERR9971918,ERR9971918,ERS12480441,South Africa,Human,Stool,No,2021,5,335,25,Other,1,1,105,105,,Supplied isolate accession workbook,1,1,0,1,blaOXA-1; blaOXA-10; cmlA5; floR; dfrA14; dfrA23; blaCTX-M-15; qnrB1; mph(A); tet(A); sul1; sul2; aac(3)-IIe; aac(6')-Ib-cr5; aadA1; aph(3'')-Ib; aph(6)-Id; arr-2; qacEdelta1,11,19,0,Other,CC25-04,ST335-04,ERR9971918,105
ERR7197741,ERR7197741,ERR7197741,ERS8210595,South Africa,Human,Stool,No,2021,5,335,25,Other,1,1,106,106,,Supplied isolate accession workbook,1,1,0,1,blaOXA-1; floR; dfrA14; blaCTX-M-15; qnrB1; mph(A); tet(A); sul2; aac(3)-IIe; aac(6')-Ib-cr5; aph(3'')-Ib; aph(6)-Id,9,12,0,Other,CC25-04,ST335-04,ERR7197741,106
ERR5751808,ERR5751808,ERR5751808,ERS6283454,South Africa,Human,Unspecified - human,No,2020,5,335,25,Other,1,1,107,107,,Supplied isolate accession workbook,1,1,0,1,blaOXA-1; floR; dfrA14; blaCTX-M-15; qnrB1; mph(A); tet(A); sul2; aac(3)-IIe; aac(6')-Ib-cr5; aph(3'')-Ib; aph(6)-Id,9,12,0,Other,CC25-04,ST335-04,ERR5751808,107
ERR12321280,ERR12321280,ERR12321280,ERS17171914,South Africa,Human,Stool,No,2023,5,335,25,Other,1,1,108,108,,Supplied isolate accession workbook,1,1,0,1,blaOXA-1; blaOXA-10; cmlA5; floR; dfrA14; blaCTX-M-15; qnrB1; mph(A); tet(A); sul1; sul2; aac(3)-IIe; aac(6')-Ib-cr5; aadA1; aph(3'')-Ib; aph(6)-Id; arr-2; qacEdelta1,11,18,0,Other,CC25-04,ST335-04,ERR12321280,108
ERR9692774,ERR9692774,ERR9692774,ERS11935911,South Africa,Human,Unspecified - human,No,2020,5,335,25,Other,1,1,109,109,,Supplied isolate accession workbook,1,1,0,1,blaOXA-1; blaOXA-10; cmlA5; floR; dfrA14; blaCTX-M-15; qnrB1; mph(A); tet(A); sul1; sul2; aac(3)-IIe; aac(6')-Ib-cr5; aadA1; aph(3'')-Ib; aph(6)-Id; arr-2; qacEdelta1,11,18,0,Other,CC25-04,ST335-04,ERR9692774,109
ERR6752863,ERR6752863,ERR6752863,ERS7770083,South Africa,Human,Unspecified - human,No,2020,5,335,25,Other,1,1,110,110,,Supplied isolate accession workbook,1,1,0,1,blaOXA-1; floR; dfrA14; blaCTX-M-15; qnrB1; mph(A); tet(A); sul2; aac(3)-IIe; aac(6')-Ib-cr5; aph(3'')-Ib; aph(6)-Id,9,12,0,Other,CC25-04,ST335-04,ERR6752863,110
SRR9273829,SRR9273829,SRR9273829,SRS4947096,United Kingdom,Human,Unspecified - human,No,2019,5,335,25,Other,1,1,111,111,,Supplied isolate accession workbook,0,1,0,0,blaOXA-10; cmlA5; floR; dfrA23; blaCTX-M-15; tet(A); sul1; sul2; aac(3)-IIe; aadA1; aph(3'')-Ib; aph(6)-Id; qacEdelta1,7,13,0,Other,CC25-04,ST335-04,SRR9273829,111
ERR9079830,ERR9079830,ERR9079830,ERS10862921,South Africa,Human,Blood culture,Yes,2021,5,335,25,Other,1,1,112,112,,Supplied isolate accession workbook,1,1,0,0,blaOXA-1; blaOXA-10; cmlA5; floR; dfrA23; blaCTX-M-15; qnrB1; tet(A); sul1; sul2; aac(3)-II; aac(6')-Ib-cr5; aadA1; aph(3'')-Ib; aph(6)-Id; arr-2; qacEdelta1,10,17,0,Other,CC25-04,ST335-04,ERR9079830,112
ERR10880116,ERR10880116,ERR10880116,ERS14631590,South Africa,Human,Blood culture,Yes,2022,5,335,25,Other,1,1,113,113,,Supplied isolate accession workbook,1,1,0,0,blaOXA-1; blaOXA-10; cmlA5; dfrA23; blaCTX-M-15; qnrB1; tet(A); sul1; sul2; aac(3)-IIe; aac(6')-Ib-cr5; aadA1; aph(3'')-Ib; aph(6)-Id; arr-2; qacEdelta1,10,16,0,Other,CC25-04,ST335-04,ERR10880116,113
ERR5751304,ERR5751304,ERR5751304,ERS6282950,South Africa,Human,Stool,No,2020,5,335,25,Other,1,1,114,114,,Supplied isolate accession workbook,1,1,0,1,blaOXA-1; floR; dfrA14; blaCTX-M-15; qnrB1; mph(A); tet(A); sul2; aac(3)-IIe; aac(6')-Ib-cr5; aph(3'')-Ib; aph(6)-Id,9,12,0,Other,CC25-04,ST335-04,ERR5751304,114
ERR6806714,ERR6806714,ERR6806714,ERS7645435,South Africa,Human,Unspecified - human,No,2020,5,335,25,Other,1,1,115,115,,Supplied isolate accession workbook,1,1,0,0,blaTEM-1; blaOXA-10; cmlA5; floR; dfrA23; blaCTX-M-15; qnrB1; tet(A); sul1; sul2; aac(3)-IIe; aadA1; aph(3'')-Ib; aph(6)-Id; arr-2; qacEdelta1,9,16,0,Other,CC25-04,ST335-04,ERR6806714,115
ERR5751296,ERR5751296,ERR5751296,ERS6282942,South Africa,Human,Rectal swab,No,2020,5,335,25,Other,1,1,116,116,,Supplied isolate accession workbook,1,1,0,1,blaOXA-1; blaOXA-10; cmlA5; floR; dfrA14; dfrA23; blaCTX-M-15; qnrB1; mph(A); tet(A); sul1; sul2; aac(3)-IIe; aac(6')-Ib-cr5; aadA1; aph(3'')-Ib; aph(6)-Id; arr-2; qacEdelta1,11,19,0,Other,CC25-04,ST335-04,ERR5751296,116
ERR4451427,ERR4451427,ERR4451427,ERS4936998,South Africa,Human,Unspecified - human,No,2020,5,335,25,Other,1,1,117,117,,Supplied isolate accession workbook,1,1,0,1,blaOXA-1; blaOXA-10; cmlA5; floR; dfrA14; dfrA23; blaCTX-M-15; qnrB1; mph(A); tet(A); sul1; sul2; aac(3)-IIe; aac(6')-Ib-cr5; aadA1; aph(3'')-Ib; aph(6)-Id; arr-2; qacEdelta1,11,19,0,Other,CC25-04,ST335-04,ERR4451427,117
ERR6806125,ERR6806125,ERR6806125,ERS7644848,South Africa,Human,Unspecified - human,No,2020,5,335,25,Other,1,1,118,118,,Supplied isolate accession workbook,1,1,0,1,blaOXA-1; blaOXA-10; cmlA5; floR; dfrA14; dfrA23; blaCTX-M-15; qnrB1; mph(A); tet(A); sul1; sul2; aac(3)-IIe; aac(6')-Ib-cr5; aadA1; aph(3'')-Ib; aph(6)-Id; arr-2; qacEdelta1,11,19,0,Other,CC25-04,ST335-04,ERR6806125,118
ERR6806317,ERR6806317,ERR6806317,ERS7645040,South Africa,Human,Stool,No,2020,5,335,25,Other,1,1,119,119,,Supplied isolate accession workbook,0,1,0,1,blaTEM-1; catA1; floR; dfrA14; blaCTX-M-15; mph(A); tet(A); sul2; aadA1; aph(3'')-Ib; aph(6)-Id,7,11,0,Other,CC25-04,ST335-04,ERR6806317,119
ERR12067371,ERR12067371,ERR12067371,ERS16390441,South Africa,Human,Urine,No,2023,5,335,25,Other,1,1,120,120,,Supplied isolate accession workbook,1,1,0,1,blaTEM-1; blaOXA-1; blaOXA-10; catA1; cmlA5; floR; dfrA14; dfrA23; blaCTX-M-15; qnrB1; mph(A); tet(A); sul1; sul2; aac(3)-IIe; aac(6')-Ib-cr5; aadA1; aph(3'')-Ib; aph(6)-Id; arr-2; qacEdelta1,11,21,0,Other,CC25-04,ST335-04,ERR12067371,120
ERR6806075,ERR6806075,ERR6806075,ERS7644798,South Africa,Human,Urine,No,2021,5,335,25,Other,1,1,121,121,,Supplied isolate accession workbook,0,0,0,0,blaTEM-1; blaCTX-M-15; gyrB_S464F; tet(A); sul2; aac(3)-IIe; aph(3'')-Ib; aph(6)-Id,6,8,0,Other,CC25-04,ST335-04,ERR6806075,121
ERR10176870,ERR10176870,ERR10176870,ERS13445953,South Africa,Human,Stool,No,2022,5,335,25,Other,1,1,122,122,,Supplied isolate accession workbook,0,0,0,1,blaTEM-1; blaOXA-1; dfrA14; blaCTX-M-15; qnrB1; mph(A); tet(A); sul2; aac(3)-IIe; aac(6')-Ib-cr5; aph(3'')-Ib; aph(6)-Id,9,12,0,Other,CC25-04,ST335-04,ERR10176870,122
ERR10460856,ERR10460856,ERR10460856,ERS13656118,South Africa,Human,Stool,No,2022,5,335,25,Other,1,1,123,123,,Supplied isolate accession workbook,0,0,0,1,blaTEM-1; blaOXA-1; dfrA14; blaCTX-M-15; qnrB1; mph(A); tet(A); sul2; aac(3)-IIe; aac(6')-Ib-cr5; aph(3'')-Ib; aph(6)-Id,9,12,0,Other,CC25-04,ST335-04,ERR10460856,123
ERR10460902,ERR10460902,ERR10460902,ERS13656164,South Africa,Human,Stool,No,2022,5,335,25,Other,1,1,124,124,,Supplied isolate accession workbook,0,0,0,1,blaTEM-1; blaOXA-1; dfrA14; blaCTX-M-15; qnrB1; mph(A); tet(A); sul2; aac(3)-IIe; aac(6')-Ib-cr5; aph(3'')-Ib; aph(6)-Id,9,12,0,Other,CC25-04,ST335-04,ERR10460902,124
ERR6806726,ERR6806726,ERR6806726,ERS7645447,South Africa,Human,Blood culture,Yes,2020,5,335,25,Other,1,1,125,125,,Supplied isolate accession workbook,0,0,0,0,blaTEM-1; blaOXA-1; dfrA14; blaCTX-M-15; qnrB1; sul2; sul3; aac(3)-IIe; aac(6')-Ib-cr5; aph(6)-Id,7,10,0,Other,CC25-04,ST335-04,ERR6806726,125
ERR12078572,ERR12078572,ERR12078572,ERS16427368,South Africa,Human,Stool,No,Other,5,335,25,Other,1,1,126,126,,Supplied isolate accession workbook,1,1,0,1,blaOXA-1; blaOXA-10; cmlA5; dfrA14; dfrA23; blaCTX-M-15; qnrB1; mph(A); tet(A); sul1; sul2; aac(3)-IIe; aac(6')-Ib-cr5; aadA1; aph(3'')-Ib; aph(6)-Id; arr-2; qacEdelta1,11,18,0,Other,CC25-04,ST335-04,ERR12078572,126
ERR11747320,ERR11747320,ERR11747320,ERS16093242,South Africa,Human,Urine,No,2023,5,335,25,Other,1,1,127,127,,Supplied isolate accession workbook,1,1,0,1,blaTEM-1; blaOXA-1; blaOXA-10; cmlA5; dfrA14; dfrA23; blaCTX-M-15; qnrB1; mph(A); tet(A); sul1; sul2; aac(3)-IIe; aac(6')-Ib-cr5; aadA1; aph(3'')-Ib; aph(6)-Id; arr-2; qacEdelta1,11,19,0,Other,CC25-04,ST335-04,ERR11747320,127
ERR12495482,ERR12495482,ERR12495482,ERS17748274,South Africa,Human,Stool,No,2023,5,335,25,Other,1,1,128,128,,Supplied isolate accession workbook,1,1,0,1,blaTEM-1; blaOXA-1; blaOXA-10; cmlA5; dfrA14; dfrA23; blaCTX-M-15; qnrB1; mph(A); tet(A); sul1; sul2; aac(3)-IIe; aac(6')-Ib-cr5; aadA1; aph(3'')-Ib; aph(6)-Id; arr-2; qacEdelta1,11,19,0,Other,CC25-04,ST335-04,ERR12495482,128
ERR5751726,ERR5751726,ERR5751726,ERS6283372,South Africa,Human,Urine,No,2020,5,335,25,Other,1,1,129,129,,Supplied isolate accession workbook,0,0,0,0,blaTEM-1; blaOXA-1; dfrA14; blaCTX-M-15; tet(A); sul2; aac(3)-IIe; aac(6')-Ib-cr5; aph(3'')-Ib; aph(6)-Id,7,10,0,Other,CC25-04,ST335-04,ERR5751726,129
ERR6806512,ERR6806512,ERR6806512,ERS7645233,South Africa,Human,Stool,No,2021,5,335,25,Other,1,1,130,130,,Supplied isolate accession workbook,1,1,0,0,blaTEM-1; blaOXA-1; blaOXA-10; cmlA5; dfrA14; dfrA23; blaCTX-M-15; qnrB1; tet(A); sul1; sul2; aac(3)-IIe; aac(6')-Ib-cr5; aadA1; aph(3'')-Ib; aph(6)-Id; arr-2; qacEdelta1,10,18,0,Other,CC25-04,ST335-04,ERR6806512,130
ERR9924209,ERR9924209,ERR9924209,ERS12382480,South Africa,Human,Stool,No,2021,5,335,25,Other,1,1,131,131,,Supplied isolate accession workbook,1,1,0,1,blaTEM-1; blaOXA-1; blaOXA-10; cmlA5; dfrA14; dfrA23; blaCTX-M-15; qnrB1; mph(A); tet(A); sul1; sul2; aac(3)-IIe; aac(6')-Ib-cr5; aadA1; aph(3'')-Ib; aph(6)-Id; arr-3; qacEdelta1,11,19,0,Other,CC25-04,ST335-04,ERR9924209,131
ERR10460483,ERR10460483,ERR10460483,ERS13655839,South Africa,Human,Stool,No,2022,4,335,25,South African outbreak,1,1,132,132,,Supplied isolate accession workbook,0,0,0,1,blaSCO-1; blaTEM-1; blaOXA-1; dfrA12; blaCTX-M-15; mph(A); sul1; sul2; aac(3)-IId; aac(6')-Ib-cr5; aadA2; aph(3'')-Ib; aph(6)-Id; qacEdelta1,8,14,0,Other,CC25-05,ST335-05,ERR10460483,132
ERR9785511,ERR9785511,ERR9785511,ERS12086359,South Africa,Human,Stool,No,2022,4,335,25,South African outbreak,1,1,133,133,,Supplied isolate accession workbook,0,0,0,1,blaSCO-1; blaTEM-1; blaOXA-1; dfrA12; blaCTX-M-15; mph(A); sul1; sul2; aac(3)-IId; aac(6')-Ib-cr5; aadA2; aph(3'')-Ib; aph(6)-Id; qacEdelta1,8,14,0,Other,CC25-05,ST335-05,ERR9785511,133
ERR10087012,ERR10087012,ERR10087012,ERS12761375,South Africa,Human,Rectal swab,No,2022,4,335,25,South African outbreak,1,1,134,134,,Supplied isolate accession workbook,1,1,0,1,blaSCO-1; blaTEM-1; blaOXA-1; blaOXA-10; cmlA5; dfrA12; dfrA23; blaCTX-M-15; qnrB1; mph(A); sul1; sul2; aac(3)-IId; aac(6')-Ib-cr5; aadA1; aadA2; aph(3'')-Ib; aph(6)-Id; arr-2; qacEdelta1,10,20,0,Other,CC25-05,ST335-05,ERR10087012,134
ERR9079768,ERR9079768,ERR9079768,ERS10862859,South Africa,Human,Stool,No,2021,4,335,25,Other,1,1,135,135,,Supplied isolate accession workbook,0,1,0,1,blaSCO-1; blaTEM-1; blaOXA-1; blaOXA-10; cmlA5; dfrA12; dfrA23; blaCTX-M-15; mph(A); sul1; sul2; aac(3)-IId; aac(6')-Ib-cr5; aadA1; aadA2; aph(3'')-Ib; aph(6)-Id; arr-2; qacEdelta1,9,19,0,Other,CC25-05,ST335-05,ERR9079768,135
ERR9822149,ERR9822149,ERR9822149,ERS12149066,South Africa,Human,Stool,No,2022,4,335,25,South African outbreak,1,1,136,136,,Supplied isolate accession workbook,1,1,0,1,blaSCO-1; blaTEM-1; blaOXA-1; blaOXA-10; cmlA5; dfrA12; dfrA23; blaCTX-M-15; qnrB1; mph(A); sul1; sul2; aac(3)-IId; aac(6')-Ib-cr5; aadA1; aadA2; aph(3'')-Ib; aph(6)-Id; arr-2; qacEdelta1,10,20,0,Other,CC25-05,ST335-05,ERR9822149,136
ERR9822145,ERR9822145,ERR9822145,ERS12149062,South Africa,Human,Stool,No,2022,4,335,25,South African outbreak,1,1,137,137,,Supplied isolate accession workbook,1,1,0,0,blaSCO-1; blaTEM-1; blaOXA-1; blaOXA-10; cmlA5; dfrA23; blaCTX-M-15; qnrB1; sul1; sul2; aac(6')-Ib-cr5; aadA1; aph(3'')-Ib; aph(6)-Id; arr-2; qacEdelta1,9,16,0,Other,CC25-05,ST335-05,ERR9822145,137
ERR9822146,ERR9822146,ERR9822146,ERS12149063,South Africa,Human,Stool,No,2022,4,335,25,South African outbreak,1,1,138,138,,Supplied isolate accession workbook,1,1,0,1,blaSCO-1; blaTEM-1; blaOXA-1; blaOXA-10; cmlA5; dfrA12; dfrA23; blaCTX-M-15; qnrB1; mph(A); sul1; sul2; aac(3)-IId; aac(6')-Ib-cr5; aadA1; aadA2; aph(3'')-Ib; aph(6)-Id; arr-2; qacEdelta1,10,20,0,Other,CC25-05,ST335-05,ERR9822146,138
ERR9785509,ERR9785509,ERR9785509,ERS12086357,South Africa,Human,Stool,No,2022,4,335,25,South African outbreak,1,1,139,139,,Supplied isolate accession workbook,1,1,0,1,blaSCO-1; blaTEM-1; blaOXA-1; blaOXA-10; cmlA5; dfrA12; dfrA23; blaCTX-M-15; qnrB1; mph(A); sul1; sul2; aac(3)-IId; aac(6')-Ib-cr5; aadA1; aadA2; aph(3'')-Ib; aph(6)-Id; arr-2; qacEdelta1,10,20,0,Other,CC25-05,ST335-05,ERR9785509,139
ERR10176872,ERR10176872,ERR10176872,ERS13445955,South Africa,Human,Stool,No,2022,4,335,25,South African outbreak,1,1,140,140,,Supplied isolate accession workbook,1,1,0,1,blaSCO-1; blaTEM-1; blaOXA-1; blaOXA-10; cmlA5; dfrA12; dfrA23; blaCTX-M-15; qnrB1; mph(A); sul1; sul2; aac(3)-IId; aac(6')-Ib-cr5; aadA1; aadA2; aph(3'')-Ib; aph(6)-Id; arr-2; qacEdelta1,10,20,0,Other,CC25-05,ST335-05,ERR10176872,140
ERR9966389,ERR9966389,ERR9966389,ERS12472976,South Africa,Human,Stool,No,2022,4,335,25,South African outbreak,1,1,141,141,,Supplied isolate accession workbook,1,1,0,1,blaSCO-1; blaTEM-1; blaOXA-1; blaOXA-10; cmlA5; dfrA12; dfrA23; blaCTX-M-15; qnrB1; mph(A); sul1; sul2; aac(3)-IId; aac(6')-Ib-cr5; aadA1; aadA2; aph(3'')-Ib; aph(6)-Id; arr-2; qacEdelta1,10,20,0,Other,CC25-05,ST335-05,ERR9966389,141
ERR10460765,ERR10460765,ERR10460765,ERS13656027,South Africa,Human,Stool,No,2022,4,335,25,South African outbreak,1,1,142,142,,Supplied isolate accession workbook,1,1,0,1,blaSCO-1; blaTEM-1; blaOXA-1; blaOXA-10; cmlA5; dfrA12; dfrA23; blaCTX-M-15; qnrB1; mph(A); sul1; sul2; aac(3)-IId; aac(6')-Ib-cr5; aadA1; aadA2; aph(3'')-Ib; aph(6)-Id; arr-2; qacEdelta1,10,20,0,Other,CC25-05,ST335-05,ERR10460765,142
ERR10109275,ERR10109275,ERR10109275,ERS12792508,South Africa,Human,Stool,No,2022,4,335,25,South African outbreak,1,1,143,143,,Supplied isolate accession workbook,1,1,0,1,blaSCO-1; blaTEM-1; blaOXA-1; blaOXA-10; cmlA5; dfrA12; dfrA23; blaCTX-M-15; qnrB1; mph(A); sul1; sul2; aac(3)-IId; aac(6')-Ib-cr5; aph(3'')-Ib; aph(6)-Id; arr-2; qacEdelta1,10,18,0,Other,CC25-05,ST335-05,ERR10109275,143
ERR11807704,ERR11807704,ERR11807704,ERS16229032,South Africa,Human,Stool,NO,2023,4,335,25,Other,1,1,144,144,,Supplied isolate accession workbook,1,1,0,1,blaSCO-1; blaTEM-1; blaOXA-10; cmlA5; dfrA12; dfrA23; blaCTX-M-15; qnrB1; mph(A); sul1; sul2; aac(3)-IId; aadA1; aadA2; aph(3'')-Ib; aph(6)-Id; arr-2; qacEdelta1,9,18,0,Other,CC25-05,ST335-05,ERR11807704,144
ERR10109276,ERR10109276,ERR10109276,ERS12792509,South Africa,Human,Rectal swab,No,2022,4,335,25,South African outbreak,1,1,145,145,,Supplied isolate accession workbook,1,1,0,1,blaSCO-1; blaTEM-1; blaOXA-10; cmlA5; dfrA12; dfrA23; blaCTX-M-15; qnrB1; mph(A); sul1; sul2; aac(3)-IId; aadA1; aadA2; aph(3'')-Ib; aph(6)-Id; arr-2; qacEdelta1,9,18,0,Other,CC25-05,ST335-05,ERR10109276,145
ERR9785510,ERR9785510,ERR9785510,ERS12086358,South Africa,Human,Stool,No,2022,4,335,25,South African outbreak,1,1,146,146,,Supplied isolate accession workbook,1,1,0,1,blaSCO-1; blaTEM-1; blaOXA-1; blaOXA-10; cmlA5; dfrA12; dfrA23; blaCTX-M-15; qnrB1; mph(A); sul1; sul2; aac(3)-IId; aac(6')-Ib-cr5; aadA1; aadA2; aph(3'')-Ib; aph(6)-Id; arr-2; qacEdelta1,10,20,0,Other,CC25-05,ST335-05,ERR9785510,146
ERR9820422,ERR9820422,ERR9820422,ERS12147978,South Africa,Human,Stool,No,2022,4,335,25,South African outbreak,1,1,147,147,,Supplied isolate accession workbook,1,1,0,1,blaSCO-1; blaTEM-1; blaOXA-1; blaOXA-10; cmlA5; dfrA12; dfrA23; blaCTX-M-15; qnrB1; mph(A); sul1; sul2; aac(3)-IId; aac(6')-Ib-cr5; aadA1; aadA2; aph(3'')-Ib; aph(6)-Id; arr-2; qacEdelta1,10,20,0,Other,CC25-05,ST335-05,ERR9820422,147
ERR10880181,ERR10880181,ERR10880181,ERS14631653,South Africa,Human,Urine,No,2022,4,335,25,Other,1,1,148,148,,Supplied isolate accession workbook,1,1,0,1,blaSCO-1; blaTEM-1; blaOXA-1; blaOXA-10; cmlA5; dfrA12; dfrA23; blaCTX-M-15; qnrB1; mph(A); sul1; sul2; aac(3)-IId; aac(6')-Ib-cr5; aadA1; aadA2; aph(3'')-Ib; aph(6)-Id; arr-2; qacEdelta1,10,20,0,Other,CC25-05,ST335-05,ERR10880181,148
ERR10088101,ERR10088101,ERR10088101,ERS12764179,South Africa,Human,Stool,No,2022,4,335,25,South African outbreak,1,1,149,149,,Supplied isolate accession workbook,1,1,0,1,blaSCO-1; blaTEM-1; blaOXA-1; blaOXA-10; cmlA5; dfrA12; dfrA23; blaCTX-M-15; qnrB1; mph(A); sul1; sul2; aac(3)-IId; aac(6')-Ib-cr5; aadA1; aadA2; aph(3'')-Ib; aph(6)-Id; arr-2; qacEdelta1,10,20,0,Other,CC25-05,ST335-05,ERR10088101,149
ERR12312688,ERR12312688,ERR12312688,ERS17080491,South Africa,Human,Stool,No,2023,4,335,25,Other,1,1,150,150,,Supplied isolate accession workbook,1,1,0,1,blaSCO-1; blaTEM-1; blaOXA-1; blaOXA-10; cmlA5; dfrA12; dfrA23; blaCTX-M-15; qnrB1; mph(A); sul1; sul2; aac(3)-IId; aac(6')-Ib-cr5; aadA1; aadA2; aph(3'')-Ib; aph(6)-Id; arr-2; qacEdelta1,10,20,0,Other,CC25-05,ST335-05,ERR12312688,150
ERR11201827,ERR11201827,ERR11201827,ERS14886263,South Africa,Human,Stool,No,2022,4,335,25,Other,1,1,151,151,,Supplied isolate accession workbook,1,1,0,1,blaSCO-1; blaTEM-1; blaOXA-1; blaOXA-10; cmlA5; dfrA12; dfrA23; blaCTX-M-15; qnrB1; mph(A); sul1; sul2; aac(3)-IId; aac(6')-Ib-cr5; aadA1; aadA2; aph(3'')-Ib; aph(6)-Id; arr-2; qacEdelta1,10,20,0,Other,CC25-05,ST335-05,ERR11201827,151
ERR12312689,ERR12312689,ERR12312689,ERS17080492,South Africa,Human,Stool,No,2023,4,335,25,Other,1,1,152,152,,Supplied isolate accession workbook,1,1,0,1,blaSCO-1; blaTEM-1; blaOXA-1; blaOXA-10; cmlA5; dfrA12; dfrA23; blaCTX-M-15; qnrB1; mph(A); sul1; sul2; aac(3)-IId; aac(6')-Ib-cr5; aadA1; aadA2; aph(3'')-Ib; aph(6)-Id; arr-2; qacEdelta1,10,20,0,Other,CC25-05,ST335-05,ERR12312689,152
ERR12495485,ERR12495485,ERR12495485,ERS17748277,South Africa,Human,Unspecified - human,No,2023,4,335,25,Other,1,1,153,153,,Supplied isolate accession workbook,1,1,0,1,blaSCO-1; blaTEM-1; blaOXA-1; blaOXA-10; cmlA5; dfrA12; dfrA23; blaCTX-M-15; qnrB1; mph(A); sul1; sul2; aac(3)-IId; aac(6')-Ib-cr5; aadA1; aadA2; aph(3'')-Ib; aph(6)-Id; arr-2; qacEdelta1,10,20,0,Other,CC25-05,ST335-05,ERR12495485,153
ERR12312692,ERR12312692,ERR12312692,ERS17080495,South Africa,Human,Blood culture,Yes,2023,4,335,25,Other,1,1,154,154,,Supplied isolate accession workbook,1,1,0,1,blaSCO-1; blaTEM-1; blaOXA-1; blaOXA-10; cmlA5; dfrA12; dfrA23; blaCTX-M-15; qnrB1; mph(A); sul1; sul2; aac(3)-IId; aac(6')-Ib-cr5; aadA1; aadA2; aph(3'')-Ib; aph(6)-Id; arr-2; qacEdelta1,10,20,0,Other,CC25-05,ST335-05,ERR12312692,154
ERR10123168,ERR10123168,ERR10123168,ERS12853251,South Africa,Human,Rectal swab,No,2022,4,335,25,South African outbreak,1,1,155,155,,Supplied isolate accession workbook,1,1,0,1,blaSCO-1; blaTEM-1; blaOXA-1; blaOXA-10; cmlA5; dfrA12; dfrA23; blaCTX-M-15; qnrB1; mph(A); sul1; sul2; aac(3)-IId; aac(6')-Ib-cr5; aadA1; aadA2; aph(3'')-Ib; aph(6)-Id; arr-2; qacEdelta1,10,20,0,Other,CC25-05,ST335-05,ERR10123168,155
ERR10123167,ERR10123167,ERR10123167,ERS12853250,South Africa,Human,Rectal swab,No,2022,4,335,25,South African outbreak,1,1,156,156,,Supplied isolate accession workbook,1,1,0,1,blaSCO-1; blaTEM-1; blaOXA-1; blaOXA-10; cmlA5; dfrA12; dfrA23; blaCTX-M-15; qnrB1; mph(A); sul1; sul2; aac(3)-IId; aac(6')-Ib-cr5; aadA1; aadA2; aph(3'')-Ib; aph(6)-Id; arr-2; qacEdelta1,10,20,0,Other,CC25-05,ST335-05,ERR10123167,156
ERR9966387,ERR9966387,ERR9966387,ERS12472974,South Africa,Human,Stool,No,2022,4,335,25,South African outbreak,1,1,157,157,,Supplied isolate accession workbook,1,1,0,1,blaSCO-1; blaTEM-1; blaOXA-1; blaOXA-10; cmlA5; dfrA12; dfrA23; blaCTX-M-15; qnrB1; mph(A); sul1; sul2; aac(3)-IId; aac(6')-Ib-cr5; aadA1; aadA2; aph(3'')-Ib; aph(6)-Id; arr-2; qacEdelta1,10,20,0,Other,CC25-05,ST335-05,ERR9966387,157
ERR10949310,ERR10949310,ERR10949310,ERS14699590,South Africa,Human,Rectal swab,No,2022,4,335,25,Other,1,1,158,158,,Supplied isolate accession workbook,1,1,0,1,blaSCO-1; blaTEM-1; blaOXA-1; blaOXA-10; cmlA5; dfrA12; dfrA23; blaCTX-M-15; qnrB1; mph(A); sul1; sul2; aac(3)-IId; aac(6')-Ib-cr5; aadA1; aadA2; aph(3'')-Ib; aph(6)-Id; arr-2; qacEdelta1,10,20,0,Other,CC25-05,ST335-05,ERR10949310,158
ERR10460875,ERR10460875,ERR10460875,ERS13656137,South Africa,Human,Stool,No,2022,4,335,25,South African outbreak,1,1,159,159,,Supplied isolate accession workbook,1,1,0,1,blaSCO-1; blaTEM-1; blaOXA-1; blaOXA-10; cmlA5; dfrA12; dfrA23; blaCTX-M-15; qnrB1; mph(A); sul1; sul2; aac(3)-IId; aac(6')-Ib-cr5; aadA1; aadA2; aph(3'')-Ib; aph(6)-Id; arr-2; qacEdelta1,10,20,0,Other,CC25-05,ST335-05,ERR10460875,159
ERR9966390,ERR9966390,ERR9966390,ERS12472977,South Africa,Human,Stool,No,2022,4,335,25,South African outbreak,1,1,160,160,,Supplied isolate accession workbook,1,1,0,1,blaSCO-1; blaTEM-1; blaOXA-1; blaOXA-10; cmlA5; dfrA12; dfrA23; blaCTX-M-15; qnrB1; mph(A); sul1; sul2; aac(3)-IId; aac(6')-Ib-cr5; aadA1; aadA2; aph(3'')-Ib; aph(6)-Id; arr-2; qacEdelta1,10,20,0,Other,CC25-05,ST335-05,ERR9966390,160
ERR10176866,ERR10176866,ERR10176866,ERS13445949,South Africa,Human,Unspecified - human,No,2022,4,335,25,South African outbreak,1,1,161,161,,Supplied isolate accession workbook,1,1,0,1,blaSCO-1; blaTEM-1; blaOXA-1; blaOXA-10; cmlA5; dfrA12; dfrA23; blaCTX-M-15; qnrB1; mph(A); sul1; sul2; aac(3)-IId; aac(6')-Ib-cr5; aadA1; aadA2; aph(3'')-Ib; aph(6)-Id; arr-2; qacEdelta1,10,20,0,Other,CC25-05,ST335-05,ERR10176866,161
ERR10460687,ERR10460687,ERR10460687,ERS13655949,South Africa,Human,Stool,No,2022,4,335,25,South African outbreak,1,1,162,162,,Supplied isolate accession workbook,1,1,0,1,blaSCO-1; blaTEM-1; blaOXA-1; blaOXA-10; cmlA5; dfrA12; dfrA23; blaCTX-M-15; qnrB1; mph(A); sul1; sul2; aac(3)-IId; aac(6')-Ib-cr5; aadA1; aadA2; aph(3'')-Ib; aph(6)-Id; arr-2; qacEdelta1,10,20,0,Other,CC25-05,ST335-05,ERR10460687,162
ERR12078573,ERR12078573,ERR12078573,ERS16427369,South Africa,Human,Urine,No,2023,4,335,25,Other,1,1,163,163,,Supplied isolate accession workbook,1,1,0,1,blaSCO-1; blaTEM-1; blaOXA-1; blaOXA-10; cmlA5; dfrA12; dfrA23; blaCTX-M-15; qnrB1; mph(A); sul1; sul2; aac(3)-IId; aac(6')-Ib-cr5; aadA1; aadA2; aph(3'')-Ib; aph(6)-Id; arr-2; qacEdelta1,10,20,0,Other,CC25-06,ST335-06,ERR12078573,163
ERR9785512,ERR9785512,ERR9785512,ERS12086360,South Africa,Human,Stool,No,2022,4,335,25,South African outbreak,1,1,164,164,,Supplied isolate accession workbook,1,1,0,1,blaSCO-1; blaTEM-1; blaOXA-1; blaOXA-10; cmlA5; dfrA12; dfrA23; blaCTX-M-15; qnrB1; mph(A); sul1; sul2; aac(3)-IId; aac(6')-Ib-cr5; aadA1; aadA2; aph(3'')-Ib; aph(6)-Id; arr-2; qacEdelta1,10,20,0,Other,CC25-06,ST335-06,ERR9785512,164
ERR12165616,ERR12165616,ERR12165616,ERS16536124,South Africa,Human,Stool,No,2023,4,335,25,Other,1,1,165,165,,Supplied isolate accession workbook,1,1,0,1,blaSCO-1; blaTEM-1; blaOXA-1; blaOXA-10; cmlA5; dfrA12; dfrA23; blaCTX-M-15; qnrB1; mph(A); sul1; sul2; aac(3)-IId; aac(6')-Ib-cr5; aadA1; aadA2; aph(3'')-Ib; aph(6)-Id; arr-2; qacEdelta1,10,20,0,Other,CC25-06,ST335-06,ERR12165616,165
ERR10460887,ERR10460887,ERR10460887,ERS13656149,South Africa,Human,Stool,No,2022,4,335,25,South African outbreak,1,1,166,166,,Supplied isolate accession workbook,0,1,0,0,blaSCO-1; blaTEM-1; blaOXA-1; blaOXA-10; cmlA5; dfrA23; blaCTX-M-15; sul1; sul2; aac(6')-Ib-cr5; aadA1; aph(3'')-Ib; aph(6)-Id; arr-2; qacEdelta1,8,15,0,Other,CC25-06,ST335-06,ERR10460887,166
ERR10880335,ERR10880335,ERR10880335,ERS14631805,South Africa,Human,Stool,No,2022,4,335,25,Other,1,1,167,167,,Supplied isolate accession workbook,0,1,0,0,blaSCO-1; blaTEM-1; blaOXA-1; blaOXA-10; cmlA5; dfrA23; blaCTX-M-15; sul1; sul2; aac(6')-Ib-cr5; aadA1; aph(3'')-Ib; aph(6)-Id; arr-2; qacEdelta1,8,15,0,Other,CC25-06,ST335-06,ERR10880335,167
ERR10880156,ERR10880156,ERR10880156,ERS14631629,South Africa,Human,Unspecified - human,No,2022,4,335,25,Other,1,1,168,168,,Supplied isolate accession workbook,0,1,0,0,blaSCO-1; blaTEM-1; blaOXA-1; blaOXA-10; cmlA5; dfrA23; blaCTX-M-15; sul1; sul2; aac(6')-Ib-cr5; aadA1; aph(3'')-Ib; aph(6)-Id; arr-2; qacEdelta1,8,15,0,Other,CC25-06,ST335-06,ERR10880156,168
ERR10880377,ERR10880377,ERR10880377,ERS14631847,South Africa,Human,Blood culture,Yes,2022,4,335,25,Other,1,1,169,169,,Supplied isolate accession workbook,0,1,0,0,blaSCO-1; blaTEM-1; blaOXA-1; blaOXA-10; cmlA5; dfrA23; blaCTX-M-15; sul1; sul2; aac(6')-Ib-cr5; aadA1; aph(3'')-Ib; aph(6)-Id; arr-2; qacEdelta1,8,15,0,Other,CC25-06,ST335-06,ERR10880377,169
ERR10088105,ERR10088105,ERR10088105,ERS12764183,South Africa,Human,Stool,No,2022,4,335,25,South African outbreak,1,1,170,170,,Supplied isolate accession workbook,1,1,0,1,blaSCO-1; blaTEM-1; blaOXA-1; blaOXA-10; cmlA5; dfrA12; dfrA23; blaCTX-M-15; qnrB1; mph(A); sul1; sul2; aac(3)-IId; aac(6')-Ib-cr5; aadA1; aadA2; aph(3'')-Ib; aph(6)-Id; arr-2; qacEdelta1,10,20,0,Other,CC25-06,ST335-06,ERR10088105,170
ERR12321284,ERR12321284,ERR12321284,ERS17171918,South Africa,Human,Stool,No,2023,4,335,25,Other,1,1,171,171,,Supplied isolate accession workbook,1,1,0,0,blaSCO-1; blaTEM-1; blaOXA-1; blaOXA-10; cmlA5; dfrA23; blaCTX-M-15; qnrB1; sul1; sul2; aac(6')-Ib-cr5; aadA1; aph(3'')-Ib; aph(6)-Id; arr-2; qacEdelta1,9,16,0,Other,CC25-06,ST335-06,ERR12321284,171
ERR9966388,ERR9966388,ERR9966388,ERS12472975,South Africa,Human,Stool,No,2022,4,335,25,South African outbreak,1,1,172,172,,Supplied isolate accession workbook,1,1,0,1,blaSCO-1; blaTEM-1; blaOXA-1; blaOXA-10; cmlA5; dfrA12; dfrA23; blaCTX-M-15; qnrB1; mph(A); sul1; sul2; aac(3)-IId; aac(6')-Ib-cr5; aadA1; aadA2; aph(3'')-Ib; aph(6)-Id; arr-2; qacEdelta1,10,20,0,Other,CC25-06,ST335-06,ERR9966388,172
ERR10026000,ERR10026000,ERR10026000,ERS12558864,South Africa,Human,Stool,No,2022,4,335,25,South African outbreak,1,1,173,173,,Supplied isolate accession workbook,1,1,0,1,blaSCO-1; blaTEM-1; blaOXA-1; blaOXA-10; cmlA5; dfrA12; dfrA23; blaCTX-M-15; qnrB1; mph(A); sul1; sul2; aac(3)-IId; aac(6')-Ib-cr5; aadA1; aadA2; aph(3'')-Ib; aph(6)-Id; arr-2; qacEdelta1,10,20,0,Other,CC25-06,ST335-06,ERR10026000,173
ERR9822144,ERR9822144,ERR9822144,ERS12149061,South Africa,Human,Stool,No,2022,4,335,25,South African outbreak,1,1,174,174,,Supplied isolate accession workbook,1,1,0,1,blaSCO-1; blaTEM-1; blaOXA-1; blaOXA-10; cmlA5; dfrA12; dfrA23; blaCTX-M-15; qnrB1; mph(A); sul1; sul2; aac(3)-IId; aac(6')-Ib-cr5; aadA1; aadA2; aph(3'')-Ib; aph(6)-Id; arr-2; qacEdelta1,10,20,0,Other,CC25-06,ST335-06,ERR9822144,174
ERR10088104,ERR10088104,ERR10088104,ERS12764182,South Africa,Human,Unspecified - human,No,2022,4,335,25,South African outbreak,1,1,175,175,,Supplied isolate accession workbook,1,1,0,1,blaSCO-1; blaTEM-1; blaOXA-1; blaOXA-10; cmlA5; dfrA12; dfrA23; blaCTX-M-15; qnrB1; mph(A); sul1; sul2; aac(3)-IId; aac(6')-Ib-cr5; aadA1; aadA2; aph(3'')-Ib; aph(6)-Id; arr-2; qacEdelta1,10,20,0,Other,CC25-06,ST335-06,ERR10088104,175
ERR10088102,ERR10088102,ERR10088102,ERS12764180,South Africa,Human,Blood culture,Yes,2022,4,335,25,South African outbreak,1,1,176,176,,Supplied isolate accession workbook,1,1,0,1,blaSCO-1; blaTEM-1; blaOXA-1; blaOXA-10; cmlA5; dfrA12; dfrA23; blaCTX-M-15; qnrB1; mph(A); sul1; sul2; aac(3)-IId; aac(6')-Ib-cr5; aadA1; aadA2; aph(3'')-Ib; aph(6)-Id; arr-2; qacEdelta1,10,20,0,Other,CC25-06,ST335-06,ERR10088102,176
ERR9822151,ERR9822151,ERR9822151,ERS12149068,South Africa,Human,Unspecified - human,No,2022,4,335,25,South African outbreak,1,1,177,177,,Supplied isolate accession workbook,1,1,0,1,blaSCO-1; blaTEM-1; blaOXA-1; blaOXA-10; cmlA5; dfrA12; dfrA23; blaCTX-M-15; qnrB1; mph(A); sul1; sul2; aac(3)-IId; aac(6')-Ib-cr5; aadA1; aadA2; aph(3'')-Ib; aph(6)-Id; arr-2; qacEdelta1,10,20,0,Other,CC25-06,ST335-06,ERR9822151,177
ERR10109255,ERR10109255,ERR10109255,ERS12792488,South Africa,Human,Blood culture,Yes,2022,4,335,25,South African outbreak,1,1,178,178,,Supplied isolate accession workbook,1,1,0,1,blaSCO-1; blaOXA-1; blaOXA-10; cmlA5; dfrA12; dfrA23; blaCTX-M-15; qnrB1; mph(A); sul1; sul2; aac(3)-IId; aac(6')-Ib-cr5; aadA1; aadA2; aph(3'')-Ib; aph(6)-Id; arr-2; qacEdelta1,10,19,0,Other,CC25-06,ST335-06,ERR10109255,178
ERR11810274,ERR11810274,ERR11810274,ERS16232368,South Africa,Human,Urine,No,2023,4,335,25,Other,1,1,179,179,,Supplied isolate accession workbook,1,1,0,1,blaSCO-1; blaTEM-1; blaOXA-1; blaOXA-10; cmlA5; dfrA12; dfrA23; blaCTX-M-15; qnrB1; mph(A); sul1; sul2; aac(3)-IId; aac(6')-Ib-cr5; aadA1; aadA2; aph(3'')-Ib; aph(6)-Id; arr-2; qacEdelta1,10,20,0,Other,CC25-06,ST335-06,ERR11810274,179
ERR9966386,ERR9966386,ERR9966386,ERS12472973,South Africa,Human,Blood culture,Yes,2022,4,335,25,South African outbreak,1,1,180,180,,Supplied isolate accession workbook,1,1,0,1,blaSCO-1; blaTEM-1; blaOXA-1; blaOXA-10; cmlA5; dfrA12; dfrA23; blaCTX-M-15; qnrB1; mph(A); sul1; sul2; aac(3)-IId; aac(6')-Ib-cr5; aadA1; aadA2; aph(3'')-Ib; aph(6)-Id; arr-2; qacEdelta1,10,20,0,Other,CC25-06,ST335-06,ERR9966386,180
ERR12259395,ERR12259395,ERR12259395,ERS16917052,South Africa,Human,Stool,No,2023,4,335,25,Other,1,1,181,181,,Supplied isolate accession workbook,1,1,0,1,blaSCO-1; blaTEM-1; blaOXA-1; blaOXA-10; cmlA5; dfrA12; dfrA23; blaCTX-M-15; qnrB1; mph(A); sul1; sul2; aac(3)-IId; aac(6')-Ib-cr5; aadA1; aadA2; aph(3'')-Ib; aph(6)-Id; arr-2; qacEdelta1,10,20,0,Other,CC25-06,ST335-06,ERR12259395,181
ERR12091513,ERR12091513,ERR12091513,ERS16451565,South Africa,Human,Blood culture,Yes,2023,4,335,25,Other,1,1,182,182,,Supplied isolate accession workbook,1,1,0,1,blaSCO-1; blaTEM-1; blaOXA-1; blaOXA-10; cmlA5; dfrA12; dfrA23; blaCTX-M-15; qnrB1; mph(A); sul1; sul2; aac(3)-IId; aac(6')-Ib-cr5; aadA1; aadA2; aph(3'')-Ib; aph(6)-Id; arr-2; qacEdelta1,10,20,0,Other,CC25-06,ST335-06,ERR12091513,182
ERR10125140,ERR10125140,ERR10125140,ERS13358373,South Africa,Human,Stool,No,2022,4,335,25,South African outbreak,1,1,183,183,,Supplied isolate accession workbook,1,1,0,1,blaSCO-1; blaTEM-1; blaOXA-10; cmlA5; dfrA12; dfrA23; blaCTX-M-15; qnrB1; mph(A); sul1; sul2; aac(3)-IId; aadA1; aadA2; aph(3'')-Ib; aph(6)-Id; arr-2; qacEdelta1,9,18,0,Other,CC25-06,ST335-06,ERR10125140,183
ERR10949303,ERR10949303,ERR10949303,ERS14699583,South Africa,Human,Stool,No,2022,4,335,25,Other,1,1,184,184,,Supplied isolate accession workbook,1,1,0,1,blaSCO-1; blaTEM-1; blaOXA-1; blaOXA-10; cmlA5; dfrA12; dfrA23; blaCTX-M-15; qnrB1; mph(A); sul1; sul2; aac(3)-IId; aac(6')-Ib-cr5; aadA1; aadA2; aph(3'')-Ib; aph(6)-Id; arr-2; qacEdelta1,10,20,0,Other,CC25-06,ST335-06,ERR10949303,184
ERR10109277,ERR10109277,ERR10109277,ERS12792510,South Africa,Human,Stool,No,2022,4,335,25,South African outbreak,1,1,185,185,,Supplied isolate accession workbook,1,1,0,1,blaSCO-1; blaTEM-1; blaOXA-1; blaOXA-10; cmlA5; dfrA12; dfrA23; blaCTX-M-15; qnrB1; mph(A); sul1; sul2; aac(3)-IId; aac(6')-Ib-cr5; aadA1; aadA2; aph(3'')-Ib; aph(6)-Id; arr-2; qacEdelta1,10,20,0,Other,CC25-06,ST335-06,ERR10109277,185
ERR10087013,ERR10087013,ERR10087013,ERS12761376,South Africa,Human,Stool,No,2022,4,335,25,South African outbreak,1,1,186,186,,Supplied isolate accession workbook,1,1,0,1,blaSCO-1; blaTEM-1; blaOXA-1; blaOXA-10; cmlA5; dfrA12; dfrA23; blaCTX-M-15; qnrB1; mph(A); sul1; sul2; aac(3)-IId; aac(6')-Ib-cr5; aadA1; aadA2; aph(3'')-Ib; aph(6)-Id; arr-2; qacEdelta1,10,20,0,Other,CC25-06,ST335-06,ERR10087013,186
ERR12146144,ERR12146144,ERR12146144,ERS16512534,South Africa,Human,Stool,No,2023,4,335,25,Other,1,1,187,187,,Supplied isolate accession workbook,1,1,0,1,blaSCO-1; blaTEM-1; blaOXA-1; blaOXA-10; cmlA5; dfrA12; dfrA23; blaCTX-M-15; qnrB1; mph(A); sul1; sul2; aac(3)-IId; aac(6')-Ib-cr5; aadA1; aadA2; aph(3'')-Ib; aph(6)-Id; arr-2; qacEdelta1,10,20,0,Other,CC25-06,ST335-06,ERR12146144,187
ERR11219811,ERR11219811,ERR11219811,ERS14904191,South Africa,Human,Unspecified - human,No,2022,4,335,25,Other,1,1,188,188,,Supplied isolate accession workbook,1,1,0,1,blaSCO-1; blaTEM-1; blaOXA-1; blaOXA-10; cmlA5; dfrA12; dfrA23; blaCTX-M-15; qnrB1; mph(A); sul1; sul2; aac(3)-IId; aac(6')-Ib-cr5; aadA1; aadA2; aph(3'')-Ib; aph(6)-Id; arr-2; qacEdelta1,10,20,0,Other,CC25-06,ST335-06,ERR11219811,188
ERR11420238,ERR11420238,ERR11420238,ERS15420059,South Africa,Human,Blood culture,Yes,2022,4,335,25,Other,1,1,189,189,,Supplied isolate accession workbook,1,1,0,1,blaSCO-1; blaTEM-1; blaOXA-1; blaOXA-10; cmlA5; dfrA12; dfrA23; blaCTX-M-15; qnrB1; mph(A); sul1; sul2; aac(3)-IId; aac(6')-Ib-cr5; aadA1; aadA2; aph(3'')-Ib; aph(6)-Id; arr-2; qacEdelta1,10,20,0,Other,CC25-06,ST335-06,ERR11420238,189
ERR11437918,ERR11437918,ERR11437918,ERS15424282,South Africa,Human,Rectal swab,No,2023,4,335,25,Other,1,1,190,190,,Supplied isolate accession workbook,1,1,0,1,blaSCO-1; blaTEM-1; blaOXA-1; blaOXA-10; cmlA5; dfrA12; dfrA23; blaCTX-M-15; qnrB1; mph(A); sul1; sul2; aac(3)-IId; aac(6')-Ib-cr5; aadA1; aadA2; aph(3'')-Ib; aph(6)-Id; arr-2; qacEdelta1,10,20,0,Other,CC25-06,ST335-06,ERR11437918,190
ERR11807709,ERR11807709,ERR11807709,ERS16229037,South Africa,Human,Unspecified - human,No,2023,4,335,25,Other,1,1,191,191,,Supplied isolate accession workbook,1,1,0,1,blaSCO-1; blaTEM-1; blaOXA-1; blaOXA-10; cmlA5; dfrA12; dfrA23; blaCTX-M-15; qnrB1; mph(A); sul1; sul2; aac(3)-IId; aac(6')-Ib-cr5; aadA1; aadA2; aph(3'')-Ib; aph(6)-Id; arr-2; qacEdelta1,10,20,0,Other,CC25-06,ST335-06,ERR11807709,191
ERR10880183,ERR10880183,ERR10880183,ERS14631655,South Africa,Human,Urine,No,2022,4,335,25,Other,1,1,192,192,,Supplied isolate accession workbook,1,1,0,0,blaSCO-1; blaTEM-1; blaOXA-1; blaOXA-10; cmlA5; dfrA23; blaCTX-M-15; qnrB1; sul1; sul2; aac(6')-Ib-cr5; aadA1; aph(3'')-Ib; aph(6)-Id; arr-2; qacEdelta1,9,16,0,Other,CC25-06,ST335-06,ERR10880183,192
ERR10880311,ERR10880311,ERR10880311,ERS14631781,South Africa,Human,Urine,No,2022,4,335,25,Other,1,1,193,193,,Supplied isolate accession workbook,1,1,0,0,blaSCO-1; blaTEM-1; blaOXA-1; blaOXA-10; cmlA5; dfrA23; blaCTX-M-15; qnrB1; sul1; sul2; aac(6')-Ib-cr5; aadA1; aph(3'')-Ib; aph(6)-Id; arr-2; qacEdelta1,9,16,0,Other,CC25-06,ST335-06,ERR10880311,193
ERR10109274,ERR10109274,ERR10109274,ERS12792507,South Africa,Human,Stool,No,2022,4,335,25,South African outbreak,1,1,194,194,,Supplied isolate accession workbook,1,1,0,1,blaSCO-1; blaTEM-1; blaOXA-1; blaOXA-10; cmlA5; dfrA12; dfrA23; blaCTX-M-15; qnrB1; mph(A); sul1; sul2; aac(3)-IId; aac(6')-Ib-cr5; aadA1; aadA2; aph(3'')-Ib; aph(6)-Id; arr-2; qacEdelta1,10,20,0,Other,CC25-07,ST335-07,ERR10109274,194
ERR12552381,ERR12552381,ERR12552381,ERS18038303,South Africa,Human,Stool,No,2023,4,335,25,Other,1,1,195,195,,Supplied isolate accession workbook,1,1,0,1,blaSCO-1; blaTEM-1; blaOXA-1; blaOXA-10; cmlA5; dfrA12; dfrA23; blaCTX-M-15; qnrB1; mph(A); sul1; sul2; aac(3)-IId; aac(6')-Ib-cr5; aadA1; aadA2; aph(3'')-Ib; aph(6)-Id; arr-2; qacEdelta1,10,20,0,Other,CC25-07,ST335-07,ERR12552381,195
ERR12552377,ERR12552377,ERR12552377,ERS18038298,South Africa,Human,Blood culture,Yes,2023,4,335,25,Other,1,1,196,196,,Supplied isolate accession workbook,1,1,0,1,blaSCO-1; blaTEM-1; blaOXA-1; blaOXA-10; cmlA5; dfrA12; dfrA23; blaCTX-M-15; qnrB1; mph(A); sul1; sul2; aac(3)-IId; aac(6')-Ib-cr5; aadA1; aadA2; aph(3'')-Ib; aph(6)-Id; arr-2; qacEdelta1,10,20,0,Other,CC25-07,ST335-07,ERR12552377,196
ERR11896635,ERR11896635,ERR11896635,ERS16295999,South Africa,Human,Stool,No,2023,4,335,25,Other,1,1,197,197,,Supplied isolate accession workbook,1,1,0,1,blaSCO-1; blaTEM-1; blaOXA-1; blaOXA-10; cmlA5; dfrA12; dfrA23; blaCTX-M-15; qnrB1; mph(A); sul1; sul2; aac(3)-IId; aac(6')-Ib-cr5; aadA1; aadA2; aph(3'')-Ib; aph(6)-Id; arr-2; qacEdelta1,10,20,0,Other,CC25-07,ST335-07,ERR11896635,197
ERR9079508,ERR9079508,ERR9079508,ERS10862599,South Africa,Human,Stool,No,2021,4,335,25,Other,1,1,198,198,,Supplied isolate accession workbook,1,1,0,1,blaSCO-1; blaTEM-1; blaOXA-1; blaOXA-10; cmlA5; dfrA12; dfrA23; blaCTX-M-15; qnrB1; mph(A); sul1; sul2; aac(3)-IId; aac(6')-Ib-cr5; aadA1; aadA2; aph(3'')-Ib; aph(6)-Id; arr-2; qacEdelta1,10,20,0,Other,CC25-07,ST335-07,ERR9079508,198
ERR9420153,ERR9420153,ERR9420153,ERS11375563,South Africa,Human,Unspecified - human,No,2021,4,335,25,Other,1,1,199,199,,Supplied isolate accession workbook,1,1,0,0,blaSCO-1; blaTEM-1; blaOXA-1; blaOXA-10; cmlA5; dfrA23; blaCTX-M-15; qnrB1; sul1; sul2; aac(6')-Ib-cr5; aadA1; aph(3'')-Ib; aph(6)-Id; arr-2; qacEdelta1,9,16,0,Other,CC25-07,ST335-07,ERR9420153,199
ERR10117717,ERR10117717,ERR10117717,ERS12849498,South Africa,Human,Stool,No,2021,4,335,25,Other,1,1,200,200,,Supplied isolate accession workbook,1,1,0,0,blaSCO-1; blaTEM-1; blaOXA-1; blaOXA-10; cmlA5; dfrA23; blaCTX-M-15; qnrB1; sul1; sul2; aac(6')-Ib-cr5; aadA1; aph(3'')-Ib; aph(6)-Id; arr-2; qacEdelta1,9,16,0,Other,CC25-07,ST335-07,ERR10117717,200
ERR6806600,ERR6806600,ERR6806600,ERS7645321,South Africa,Human,Urine,No,2021,4,335,25,Other,1,1,201,201,,Supplied isolate accession workbook,1,1,0,0,blaSCO-1; blaTEM-1; blaOXA-1; blaOXA-10; cmlA5; dfrA23; blaCTX-M-15; qnrB1; sul1; sul2; aac(6')-Ib-cr5; aadA1; aph(3'')-Ib; aph(6)-Id; arr-2; qacEdelta1,9,16,0,Other,CC25-07,ST335-07,ERR6806600,201
ERR7197757,ERR7197757,ERR7197757,ERS8210611,South Africa,Human,Blood culture,Yes,2020,4,335,25,Other,1,1,202,202,,Supplied isolate accession workbook,1,1,0,0,blaSCO-1; blaTEM-1; blaOXA-1; blaOXA-10; cmlA5; dfrA23; blaCTX-M-15; qnrB1; sul1; sul2; aac(6')-Ib-cr5; aadA1; aph(3'')-Ib; aph(6)-Id; arr-2; qacEdelta1,9,16,0,Other,CC25-07,ST335-07,ERR7197757,202
ERR6806028,ERR6806028,ERR6806028,ERS7644751,South Africa,Human,Stool,No,2020,4,335,25,Other,1,1,203,203,,Supplied isolate accession workbook,1,1,0,0,blaSCO-1; blaTEM-1; blaOXA-1; blaOXA-10; cmlA5; dfrA23; blaCTX-M-15; qnrB1; sul1; sul2; aac(6')-Ib-cr5; aadA1; aph(3'')-Ib; aph(6)-Id; arr-2; qacEdelta1,9,16,0,Other,CC25-07,ST335-07,ERR6806028,203
ERR9288082,ERR9288082,ERR9288082,ERS11025439,South Africa,Human,Blood culture,Yes,2021,4,335,25,Other,1,1,204,204,,Supplied isolate accession workbook,1,1,0,0,blaSCO-1; blaTEM-1; blaOXA-1; blaOXA-10; cmlA5; dfrA23; blaCTX-M-15; qnrB1; sul1; sul2; aac(6')-Ib-cr5; aadA1; aph(3'')-Ib; aph(6)-Id; arr-2; qacEdelta1,9,16,0,Other,CC25-07,ST335-07,ERR9288082,204
ERR11455881,ERR11455881,ERR11455881,ERS15530597,South Africa,Human,Stool,No,2023,4,335,25,Other,1,1,205,205,,Supplied isolate accession workbook,1,1,0,0,blaSCO-1; blaTEM-1; blaOXA-1; blaOXA-10; cmlA5; dfrA23; blaCTX-M-15; qnrB1; sul1; sul2; aac(6')-Ib-cr5; aadA1; aph(3'')-Ib; aph(6)-Id; arr-2; qacEdelta1,9,16,0,Other,CC25-07,ST335-07,ERR11455881,205
ERR6806632,ERR6806632,ERR6806632,ERS7645353,South Africa,Human,Unspecified - human,No,2021,4,335,25,Other,1,1,206,206,,Supplied isolate accession workbook,1,1,0,0,blaTEM-1; blaOXA-10; cmlA5; dfrA23; blaCTX-M-15; qnrB1; sul1; sul2; aadA1; aph(3'')-Ib; aph(6)-Id; arr-2; qacEdelta1,8,13,0,Other,CC25-07,ST335-07,ERR6806632,206
ERR4451478,ERR4451478,ERR4451478,ERS4937049,South Africa,Human,Stool,No,2020,4,335,25,Other,1,1,207,207,,Supplied isolate accession workbook,1,1,0,0,blaSCO-1; blaTEM-1; blaOXA-1; blaOXA-10; cmlA5; dfrA23; blaCTX-M-15; qnrB1; sul1; sul2; aac(6')-Ib-cr5; aadA1; aph(3'')-Ib; aph(6)-Id; arr-2; qacEdelta1,9,16,0,Other,CC25-07,ST335-07,ERR4451478,207
ERR12302226,ERR12302226,ERR12302226,ERS17016853,South Africa,Human,Blood culture,Yes,2023,4,335,25,Other,1,1,208,208,,Supplied isolate accession workbook,1,1,0,0,blaSCO-1; blaTEM-1; blaOXA-1; blaOXA-10; cmlA5; dfrA23; blaCTX-M-15; qnrB1; sul1; sul2; aac(6')-Ib-cr5; aadA1; aph(3'')-Ib; aph(6)-Id; arr-2; qacEdelta1,9,16,0,Other,CC25-07,ST335-07,ERR12302226,208
ERR12552384,ERR12552384,ERR12552384,ERS18038306,South Africa,Human,Urine,No,2023,4,335,25,Other,1,1,209,209,,Supplied isolate accession workbook,1,1,0,0,blaSCO-1; blaTEM-1; blaOXA-1; blaOXA-10; cmlA5; dfrA23; blaCTX-M-15; qnrB1; sul1; sul2; aac(6')-Ib-cr5; aadA1; aph(3'')-Ib; aph(6)-Id; arr-2; qacEdelta1,9,16,0,Other,CC25-07,ST335-07,ERR12552384,209
ERR12067334,ERR12067334,ERR12067334,ERS16390356,South Africa,Human,Stool,No,2022,4,335,25,Other,1,1,210,210,,Supplied isolate accession workbook,1,1,0,0,blaSCO-1; blaTEM-1; blaOXA-1; blaOXA-10; cmlA5; dfrA23; blaCTX-M-15; qnrB1; sul1; sul2; aac(6')-Ib-cr5; aadA1; aph(3'')-Ib; aph(6)-Id; arr-2; qacEdelta1,9,16,0,Other,CC25-07,ST335-07,ERR12067334,210
ERR10880424,ERR10880424,ERR10880424,ERS14631894,South Africa,Human,Unspecified - human,No,2022,4,335,25,Other,1,1,211,211,,Supplied isolate accession workbook,1,1,0,0,blaSCO-1; blaTEM-1; blaOXA-1; blaOXA-10; cmlA5; dfrA23; blaCTX-M-15; qnrB1; sul1; sul2; aac(6')-Ib-cr5; aadA1; aph(3'')-Ib; aph(6)-Id; arr-2; qacEdelta1,9,16,0,Other,CC25-07,ST335-07,ERR10880424,211
ERR10123158,ERR10123158,ERR10123158,ERS12853241,South Africa,Human,Stool,No,2022,4,335,25,Other,1,1,212,212,,Supplied isolate accession workbook,1,1,0,0,blaSCO-1; blaTEM-1; blaOXA-1; blaOXA-10; cmlA5; dfrA23; blaCTX-M-15; qnrB1; sul1; sul2; aac(6')-Ib-cr5; aadA1; aph(3'')-Ib; aph(6)-Id; arr-2; qacEdelta1,9,16,0,Other,CC25-07,ST335-07,ERR10123158,212
ERR10176869,ERR10176869,ERR10176869,ERS13445952,South Africa,Human,Blood culture,Yes,2022,4,335,25,Other,1,1,213,213,,Supplied isolate accession workbook,1,1,0,1,blaSCO-1; blaOXA-1; blaOXA-10; catA1; cmlA5; floR; dfrA14; dfrA23; blaCTX-M-15; qnrB1; mph(A); tet(A); sul1; sul2; aac(6')-Ib-cr5; aadA1; aph(3'')-Ib; aph(6)-Id; arr-2; qacEdelta1,11,20,0,Other,CC25-07,ST335-07,ERR10176869,213
ERR10880230,ERR10880230,ERR10880230,ERS14631701,South Africa,Human,Stool,No,2022,4,335,25,Other,1,1,214,214,,Supplied isolate accession workbook,1,1,0,1,blaSCO-1; blaOXA-1; blaOXA-10; catA1; cmlA5; floR; dfrA14; dfrA23; blaCTX-M-15; qnrB1; mph(A); tet(A); sul1; sul2; aac(6')-Ib-cr5; aadA1; aph(3'')-Ib; aph(6)-Id; arr-2; qacEdelta1,11,20,0,Other,CC25-07,ST335-07,ERR10880230,214
ERR11453719,ERR11453719,ERR11453719,ERS15482004,South Africa,Human,Stool,No,2022,4,335,25,Other,1,1,215,215,,Supplied isolate accession workbook,1,1,0,0,blaSCO-1; blaOXA-1; blaOXA-10; catA1; cmlA5; floR; dfrA14; dfrA23; blaCTX-M-15; qnrB1; tet(A); sul1; sul2; aac(6')-Ib-cr5; aadA1; aph(3'')-Ib; aph(6)-Id; arr-2; qacEdelta1,10,19,0,Other,CC25-07,ST335-07,ERR11453719,215
ERR10880157,ERR10880157,ERR10880157,ERS14631630,South Africa,Human,Urine,No,2022,4,335,25,Other,1,1,216,216,,Supplied isolate accession workbook,1,1,0,0,blaSCO-1; blaOXA-1; blaOXA-10; catA1; cmlA5; floR; dfrA14; dfrA23; blaCTX-M-15; qnrB1; tet(A); sul1; sul2; aac(6')-Ib-cr5; aadA1; aph(3'')-Ib; aph(6)-Id; arr-2; qacEdelta1,10,19,0,Other,CC25-07,ST335-07,ERR10880157,216
ERR11872767,ERR11872767,ERR11872767,ERS16284746,South Africa,Human,Blood culture,Yes,2023,4,335,25,Other,1,1,217,217,,Supplied isolate accession workbook,1,1,0,1,blaSCO-1; blaOXA-1; blaOXA-10; catA1; cmlA5; floR; dfrA14; dfrA23; blaCTX-M-15; qnrB1; mph(A); tet(A); sul1; sul2; aac(6')-Ib-cr5; aadA1; aph(3'')-Ib; aph(6)-Id; arr-2; qacEdelta1,11,20,0,Other,CC25-07,ST335-07,ERR11872767,217
ERR6752889,ERR6752889,ERR6752889,ERS7770109,South Africa,Human,Urine,No,2020,4,335,25,Other,1,1,218,218,,Supplied isolate accession workbook,1,1,0,1,blaSCO-1; blaOXA-1; blaOXA-10; catA1; cmlA5; floR; dfrA14; dfrA23; blaCTX-M-15; qnrB1; mph(A); tet(A); sul1; sul2; aac(6')-Ib-cr5; aadA1; aph(3'')-Ib; aph(6)-Id; arr-2; qacEdelta1,11,20,0,Other,CC25-07,ST335-07,ERR6752889,218
ERR9288143,ERR9288143,ERR9288143,ERS11025500,South Africa,Human,Blood culture,Yes,2021,4,335,25,Other,1,1,219,219,,Supplied isolate accession workbook,1,1,0,1,blaSCO-1; blaOXA-1; blaOXA-10; catA1; cmlA5; floR; dfrA14; dfrA23; blaCTX-M-15; qnrB1; mph(A); tet(A); sul1; sul2; aac(6')-Ib-cr5; aadA1; aph(3'')-Ib; aph(6)-Id; arr-2; qacEdelta1,11,20,0,Other,CC25-07,ST335-07,ERR9288143,219
ERR5751308,ERR5751308,ERR5751308,ERS6282954,South Africa,Human,Stool,No,2020,4,335,25,Other,1,1,220,220,,Supplied isolate accession workbook,0,1,0,0,blaSCO-1; blaOXA-10; cmlA5; floR; dfrA23; blaCTX-M-15; blaTEM-63; tet(A); sul1; sul2; aac(3)-IIe; aadA1; aph(3'')-Ib; aph(6)-Id; arr-2; qacEdelta1,8,16,0,Other,CC25-07,ST335-07,ERR5751308,220
ERR4399358,ERR4399358,ERR4399358,ERS4873397,South Africa,No information,No information,No,2001,4,335,25,Other,1,1,221,221,,Supplied isolate accession workbook,0,1,0,1,blaSCO-1; blaOXA-10; cmlA5; floR; dfrA14; dfrA23; blaSHV-5; blaTEM-131; mph(A); tet(A); sul1; sul2; aac(3)-IIe; aac(6')-Ib; aadA1; aph(3'')-Ib; aph(6)-Id; arr-2; qacEdelta1,9,19,0,Other,CC25-07,ST335-07,ERR4399358,221
ERR4399957,ERR4399957,ERR4399957,ERS4873996,Uganda,No information,No information,No,2001,4,335,25,Other,1,1,222,222,,Supplied isolate accession workbook,0,1,0,1,blaSCO-1; blaOXA-10; cmlA5; floR; dfrA14; dfrA23; blaSHV-5; blaTEM-131; mph(A); tet(A); sul1; sul2; aac(3)-IIe; aac(6')-Ib; aadA1; aph(3'')-Ib; aph(6)-Id; arr-2; qacEdelta1,9,19,0,Other,CC25-07,ST335-07,ERR4399957,222
ERR4399362,ERR4399362,ERR4399362,ERS4873401,South Africa,No information,No information,No,2001,4,335,25,Other,1,1,223,223,,Supplied isolate accession workbook,0,1,0,1,blaSCO-1; blaOXA-10; cmlA5; floR; dfrA14; dfrA23; blaTEM-131; mph(A); tet(A); sul1; sul2; aac(3)-IIe; aadA1; aph(3'')-Ib; aph(6)-Id; arr-2; qacEdelta1,9,17,0,Other,CC25-07,ST335-07,ERR4399362,223
SRR13833609,SRR13833609,SRR13833609,SRS8357639,United Kingdom,Human,Unspecified - human,No,2021,4,335,25,Other,1,1,224,224,,Supplied isolate accession workbook,0,0,0,0,,0,0,0,Other,CC25-07,ST335-07,SRR13833609,224
