"isolate_id","ST","Lineage","Country","Source","Year","AMR subclass count"
"44341_3_304","ST335","L5","Malawi","Malawi water sample","2017-2020","7-10"
"44341_3_305","ST335","L5","Malawi","Malawi water sample","2017-2020","7-10"
"44341_3_281","ST335","L5","Malawi","Malawi water sample","2017-2020","7-10"
"CIV13XE8","ST335","L5","Malawi","Neonatal-unit sampling","2017-2020","7-10"
"44341_3_128","ST335","L5","Malawi","Malawi water sample","2017-2020","7-10"
"44341_3_131","ST335","L5","Malawi","Malawi water sample","2017-2020","7-10"
"44341_3_136","ST335","L5","Malawi","Malawi water sample","2017-2020","7-10"
"CIV13PE7","ST335","L5","Malawi","Neonatal-unit sampling","2017-2020","7-10"
"CIT159B1","ST335","L5","Malawi","Neonatal-unit sampling","2017-2020","7-10"
"CIT15EB1","ST335","L5","Malawi","Neonatal-unit sampling","2017-2020","7-10"
"CIS153C1","ST335","L5","Malawi","Neonatal-unit sampling","2017-2020","7-10"
"CIV147E3","ST335","L5","Malawi","Neonatal-unit sampling","2017-2020","7-10"
"CIT15FH1","ST335","L5","Malawi","Neonatal-unit sampling","2017-2020","7-10"
"CIV143E2","ST335","L5","Malawi","Neonatal-unit sampling","2017-2020","7-10"
"CIU145B1","ST335","L5","Malawi","Neonatal-unit sampling","2017-2020","7-10"
"44341_3_310","ST335","L5","Malawi","Malawi water sample","2017-2020","7-10"
"CIV13XE2","ST335","L5","Malawi","Neonatal-unit sampling","2017-2020","7-10"
"44341_4_275","ST335","L5","Malawi","Malawi water sample","2017-2020","7-10"
"CIT15FB1","ST335","L5","Malawi","Neonatal-unit sampling","2017-2020","7-10"
"CIV13XU1","ST335","L5","Malawi","Neonatal-unit sampling","2017-2020","7-10"
"CIV142E6","ST335","L5","Malawi","Neonatal-unit sampling","2017-2020","7-10"
"CIV143U1","ST335","L5","Malawi","Neonatal-unit sampling","2017-2020","7-10"
"CIV143E9","ST335","L5","Malawi","Neonatal-unit sampling","2017-2020","7-10"
"CNS1F3","ST335","L5","Malawi","QECH clinical isolate","2017-2020","7-10"
"CAAYSI","ST335","L5","Malawi","QECH clinical isolate","2017-2020","7-10"
"CIT15GS1","ST335","L5","Malawi","Neonatal-unit sampling","2017-2020","7-10"
"CIV13RE2","ST335","L5","Malawi","Neonatal-unit sampling","2017-2020","7-10"
"CIV141E6","ST335","L5","Malawi","Neonatal-unit sampling","2017-2020","7-10"
"CIS15HB1","ST335","L5","Malawi","Neonatal-unit sampling","2017-2020","7-10"
"CIV140U1","ST335","L5","Malawi","Neonatal-unit sampling","2017-2020","7-10"
"CIV140E4","ST335","L5","Malawi","Neonatal-unit sampling","2017-2020","7-10"
"CIV140E7","ST335","L5","Malawi","Neonatal-unit sampling","2017-2020","7-10"
"CAAXQV","ST335","L5","Malawi","QECH clinical isolate","2017-2020","7-10"
"CIV13UE4","ST335","L5","Malawi","Neonatal-unit sampling","2017-2020","7-10"
"CIS15MR1","ST335","L5","Malawi","Neonatal-unit sampling","2017-2020","7-10"
"CIV13YE6","ST335","L5","Malawi","Neonatal-unit sampling","2017-2020","7-10"
"CIV143E4","ST335","L5","Malawi","Neonatal-unit sampling","2017-2020","7-10"
"CIV13XE5","ST335","L5","Malawi","Neonatal-unit sampling","2017-2020","7-10"
"CIT15GH1","ST335","L5","Malawi","Neonatal-unit sampling","2017-2020","7-10"
"CIV140E1","ST335","L5","Malawi","Neonatal-unit sampling","2017-2020","7-10"
"CIV140E6","ST335","L5","Malawi","Neonatal-unit sampling","2017-2020","7-10"
"CIU13XS1","ST335","L5","Malawi","Neonatal-unit sampling","2017-2020","7-10"
"CIV146E8","ST335","L5","Malawi","Neonatal-unit sampling","2017-2020","7-10"
"CIU149H1","ST335","L5","Malawi","Neonatal-unit sampling","2017-2020","7-10"
"CIV144E6","ST335","L5","Malawi","Neonatal-unit sampling","2017-2020","7-10"
"CIV13VE5","ST335","L5","Malawi","Neonatal-unit sampling","2017-2020","7-10"
"CIV13YE8","ST335","L5","Malawi","Neonatal-unit sampling","2017-2020","7-10"
"CIV144U1","ST335","L5","Malawi","Neonatal-unit sampling","2017-2020","7-10"
"CNSP0U","ST335","L5","Malawi","QECH clinical isolate","2021-2024","7-10"
"CNSKFP","ST335","L5","Malawi","QECH clinical isolate","2021-2024","7-10"
"CNSLL4","ST335","L5","Malawi","QECH clinical isolate","2021-2024","7-10"
"ERR9941258","ST335","L5","South Africa","Other","2021-2024","7-10"
"ERR9929342","ST335","L5","South Africa","Other","2021-2024","7-10"
"ERR9966382","ST335","L5","South Africa","Other","2021-2024","7-10"
"CLL3JA","ST335","L5","Malawi","QECH clinical isolate","2017-2020","7-10"
"CNS7YP","ST335","L5","Malawi","QECH clinical isolate","2021-2024","7-10"
"BKRRIF","ST335","L5","Malawi","QECH clinical isolate","2021-2024","7-10"
"CNS6QU","ST335","L5","Malawi","QECH clinical isolate","2017-2020","7-10"
"44341_3_96","ST335","L5","Malawi","Malawi water sample","2017-2020","7-10"
"44341_3_21","ST335","L5","Malawi","Malawi water sample","2017-2020","7-10"
"BKRMVD","ST335","L5","Malawi","QECH clinical isolate","2017-2020","7-10"
"CAAYDF","ST335","L5","Malawi","QECH clinical isolate","2017-2020","7-10"
"CAAXBN","ST335","L5","Malawi","QECH clinical isolate","2017-2020","7-10"
"44341_3_165","ST335","L5","Malawi","Malawi water sample","2017-2020","7-10"
"44341_3_262","ST335","L5","Malawi","Malawi water sample","2017-2020","7-10"
"44341_3_265","ST335","L5","Malawi","Malawi water sample","2017-2020","7-10"
"44341_4_286","ST335","L5","Malawi","Malawi water sample","2017-2020","7-10"
"44341_3_268","ST335","L5","Malawi","Malawi water sample","2017-2020","7-10"
"44341_3_280","ST335","L5","Malawi","Malawi water sample","2017-2020","7-10"
"CAAP2A","ST335","L5","Malawi","QECH clinical isolate","2017-2020","7-10"
"CNSFP4","ST335","L5","Malawi","QECH clinical isolate","2021-2024","7-10"
"CNSDXZ","ST335","L5","Malawi","QECH clinical isolate","2021-2024","7-10"
"CAAQXB","ST335","L5","Malawi","QECH clinical isolate","2017-2020","7-10"
"CAAR9T","ST335","L5","Malawi","QECH clinical isolate","2017-2020","7-10"
"CAAQUT","ST335","L5","Malawi","QECH clinical isolate","2017-2020","7-10"
"CAARE3","ST335","L5","Malawi","QECH clinical isolate","2017-2020","7-10"
"CLL6CH","ST335","L5","Malawi","QECH clinical isolate","2021-2024","7-10"
"ERR10438737","ST335","L5","Mozambique","Other","2017-2020","7-10"
"ERR10113269","ST335","L5","South Africa","Other","2021-2024","7-10"
"ERR6752971","ST335","L5","South Africa","Other","2017-2020","11-13"
"ERR5751227","ST335","L5","South Africa","Other","2017-2020","11-13"
"ERR9976609","ST335","L5","South Africa","Other","2021-2024","11-13"
"ERR11219800","ST335","L5","South Africa","Other","2021-2024","11-13"
"ERR12142619","ST335","L5","South Africa","Other","2021-2024","11-13"
"ERR11747325","ST335","L5","South Africa","Other","2021-2024","11-13"
"ERR11502778","ST335","L5","South Africa","Other","2021-2024","11-13"
"ERR7197834","ST335","L5","South Africa","Other","2021-2024","11-13"
"ERR9079758","ST335","L5","South Africa","Other","2021-2024","11-13"
"ERR6806255","ST335","L5","South Africa","Other","2021-2024","11-13"
"ERR6805990","ST335","L5","South Africa","Other","2017-2020","7-10"
"ERR6806776","ST335","L5","South Africa","Other","2021-2024","11-13"
"ERR5750995","ST335","L5","South Africa","Other","2017-2020","11-13"
"ERR6806749","ST335","L5","South Africa","Other","2021-2024","11-13"
"ERR6805998","ST335","L5","South Africa","Other","2017-2020","11-13"
"ERR6806833","ST335","L5","South Africa","Other","2017-2020","11-13"
"ERR12080226","ST335","L5","South Africa","Other","2021-2024","4-6"
"ERR12321283","ST335","L5","South Africa","Other","2021-2024","11-13"
"ERR12321282","ST335","L5","South Africa","Other","2021-2024","11-13"
"ERR12067314","ST335","L5","South Africa","Other","2021-2024","11-13"
"ERR12321281","ST335","L5","South Africa","Other","2021-2024","11-13"
"ERR12142634","ST335","L5","South Africa","Other","2021-2024","11-13"
"ERR6753111","ST335","L5","South Africa","Other","2017-2020","11-13"
"ERR6806796","ST335","L5","South Africa","Other","2017-2020","7-10"
"ERR6806789","ST335","L5","South Africa","Other","2021-2024","11-13"
"ERR9971918","ST335","L5","South Africa","Other","2021-2024","11-13"
"ERR7197741","ST335","L5","South Africa","Other","2021-2024","7-10"
"ERR5751808","ST335","L5","South Africa","Other","2017-2020","7-10"
"ERR12321280","ST335","L5","South Africa","Other","2021-2024","11-13"
"ERR9692774","ST335","L5","South Africa","Other","2017-2020","11-13"
"ERR6752863","ST335","L5","South Africa","Other","2017-2020","7-10"
"SRR9273829","ST335","L5","United Kingdom","Other","2017-2020","7-10"
"ERR9079830","ST335","L5","South Africa","Other","2021-2024","7-10"
"ERR10880116","ST335","L5","South Africa","Other","2021-2024","7-10"
"ERR5751304","ST335","L5","South Africa","Other","2017-2020","7-10"
"ERR6806714","ST335","L5","South Africa","Other","2017-2020","7-10"
"ERR5751296","ST335","L5","South Africa","Other","2017-2020","11-13"
"ERR4451427","ST335","L5","South Africa","Other","2017-2020","11-13"
"ERR6806125","ST335","L5","South Africa","Other","2017-2020","11-13"
"ERR6806317","ST335","L5","South Africa","Other","2017-2020","7-10"
"ERR12067371","ST335","L5","South Africa","Other","2021-2024","11-13"
"ERR6806075","ST335","L5","South Africa","Other","2021-2024","4-6"
"ERR10176870","ST335","L5","South Africa","Other","2021-2024","7-10"
"ERR10460856","ST335","L5","South Africa","Other","2021-2024","7-10"
"ERR10460902","ST335","L5","South Africa","Other","2021-2024","7-10"
"ERR6806726","ST335","L5","South Africa","Other","2017-2020","7-10"
"ERR12078572","ST335","L5","South Africa","Other","Other","11-13"
"ERR11747320","ST335","L5","South Africa","Other","2021-2024","11-13"
"ERR12495482","ST335","L5","South Africa","Other","2021-2024","11-13"
"ERR5751726","ST335","L5","South Africa","Other","2017-2020","7-10"
"ERR6806512","ST335","L5","South Africa","Other","2021-2024","7-10"
"ERR9924209","ST335","L5","South Africa","Other","2021-2024","11-13"
"ERR10460483","ST335","L4","South Africa","Eastern Cape Outbreak","2021-2024","7-10"
"ERR9785511","ST335","L4","South Africa","Eastern Cape Outbreak","2021-2024","7-10"
"ERR10087012","ST335","L4","South Africa","Eastern Cape Outbreak","2021-2024","7-10"
"ERR9079768","ST335","L4","South Africa","Other","2021-2024","7-10"
"ERR9822149","ST335","L4","South Africa","Eastern Cape Outbreak","2021-2024","7-10"
"ERR9822145","ST335","L4","South Africa","Eastern Cape Outbreak","2021-2024","7-10"
"ERR9822146","ST335","L4","South Africa","Eastern Cape Outbreak","2021-2024","7-10"
"ERR9785509","ST335","L4","South Africa","Eastern Cape Outbreak","2021-2024","7-10"
"ERR10176872","ST335","L4","South Africa","Eastern Cape Outbreak","2021-2024","7-10"
"ERR9966389","ST335","L4","South Africa","Eastern Cape Outbreak","2021-2024","7-10"
"ERR10460765","ST335","L4","South Africa","Eastern Cape Outbreak","2021-2024","7-10"
"ERR10109275","ST335","L4","South Africa","Eastern Cape Outbreak","2021-2024","7-10"
"ERR11807704","ST335","L4","South Africa","Other","2021-2024","7-10"
"ERR10109276","ST335","L4","South Africa","Eastern Cape Outbreak","2021-2024","7-10"
"ERR9785510","ST335","L4","South Africa","Eastern Cape Outbreak","2021-2024","7-10"
"ERR9820422","ST335","L4","South Africa","Eastern Cape Outbreak","2021-2024","7-10"
"ERR10880181","ST335","L4","South Africa","Other","2021-2024","7-10"
"ERR10088101","ST335","L4","South Africa","Eastern Cape Outbreak","2021-2024","7-10"
"ERR12312688","ST335","L4","South Africa","Other","2021-2024","7-10"
"ERR11201827","ST335","L4","South Africa","Other","2021-2024","7-10"
"ERR12312689","ST335","L4","South Africa","Other","2021-2024","7-10"
"ERR12495485","ST335","L4","South Africa","Other","2021-2024","7-10"
"ERR12312692","ST335","L4","South Africa","Other","2021-2024","7-10"
"ERR10123168","ST335","L4","South Africa","Eastern Cape Outbreak","2021-2024","7-10"
"ERR10123167","ST335","L4","South Africa","Eastern Cape Outbreak","2021-2024","7-10"
"ERR9966387","ST335","L4","South Africa","Eastern Cape Outbreak","2021-2024","7-10"
"ERR10949310","ST335","L4","South Africa","Other","2021-2024","7-10"
"ERR10460875","ST335","L4","South Africa","Eastern Cape Outbreak","2021-2024","7-10"
"ERR9966390","ST335","L4","South Africa","Eastern Cape Outbreak","2021-2024","7-10"
"ERR10176866","ST335","L4","South Africa","Eastern Cape Outbreak","2021-2024","7-10"
"ERR10460687","ST335","L4","South Africa","Eastern Cape Outbreak","2021-2024","7-10"
"ERR12078573","ST335","L4","South Africa","Other","2021-2024","7-10"
"ERR9785512","ST335","L4","South Africa","Eastern Cape Outbreak","2021-2024","7-10"
"ERR12165616","ST335","L4","South Africa","Other","2021-2024","7-10"
"ERR10460887","ST335","L4","South Africa","Eastern Cape Outbreak","2021-2024","7-10"
"ERR10880335","ST335","L4","South Africa","Other","2021-2024","7-10"
"ERR10880156","ST335","L4","South Africa","Other","2021-2024","7-10"
"ERR10880377","ST335","L4","South Africa","Other","2021-2024","7-10"
"ERR10088105","ST335","L4","South Africa","Eastern Cape Outbreak","2021-2024","7-10"
"ERR12321284","ST335","L4","South Africa","Other","2021-2024","7-10"
"ERR9966388","ST335","L4","South Africa","Eastern Cape Outbreak","2021-2024","7-10"
"ERR10026000","ST335","L4","South Africa","Eastern Cape Outbreak","2021-2024","7-10"
"ERR9822144","ST335","L4","South Africa","Eastern Cape Outbreak","2021-2024","7-10"
"ERR10088104","ST335","L4","South Africa","Eastern Cape Outbreak","2021-2024","7-10"
"ERR10088102","ST335","L4","South Africa","Eastern Cape Outbreak","2021-2024","7-10"
"ERR9822151","ST335","L4","South Africa","Eastern Cape Outbreak","2021-2024","7-10"
"ERR10109255","ST335","L4","South Africa","Eastern Cape Outbreak","2021-2024","7-10"
"ERR11810274","ST335","L4","South Africa","Other","2021-2024","7-10"
"ERR9966386","ST335","L4","South Africa","Eastern Cape Outbreak","2021-2024","7-10"
"ERR12259395","ST335","L4","South Africa","Other","2021-2024","7-10"
"ERR12091513","ST335","L4","South Africa","Other","2021-2024","7-10"
"ERR10125140","ST335","L4","South Africa","Eastern Cape Outbreak","2021-2024","7-10"
"ERR10949303","ST335","L4","South Africa","Other","2021-2024","7-10"
"ERR10109277","ST335","L4","South Africa","Eastern Cape Outbreak","2021-2024","7-10"
"ERR10087013","ST335","L4","South Africa","Eastern Cape Outbreak","2021-2024","7-10"
"ERR12146144","ST335","L4","South Africa","Other","2021-2024","7-10"
"ERR11219811","ST335","L4","South Africa","Other","2021-2024","7-10"
"ERR11420238","ST335","L4","South Africa","Other","2021-2024","7-10"
"ERR11437918","ST335","L4","South Africa","Other","2021-2024","7-10"
"ERR11807709","ST335","L4","South Africa","Other","2021-2024","7-10"
"ERR10880183","ST335","L4","South Africa","Other","2021-2024","7-10"
"ERR10880311","ST335","L4","South Africa","Other","2021-2024","7-10"
"ERR10109274","ST335","L4","South Africa","Eastern Cape Outbreak","2021-2024","7-10"
"ERR12552381","ST335","L4","South Africa","Other","2021-2024","7-10"
"ERR12552377","ST335","L4","South Africa","Other","2021-2024","7-10"
"ERR11896635","ST335","L4","South Africa","Other","2021-2024","7-10"
"ERR9079508","ST335","L4","South Africa","Other","2021-2024","7-10"
"ERR9420153","ST335","L4","South Africa","Other","2021-2024","7-10"
"ERR10117717","ST335","L4","South Africa","Other","2021-2024","7-10"
"ERR6806600","ST335","L4","South Africa","Other","2021-2024","7-10"
"ERR7197757","ST335","L4","South Africa","Other","2017-2020","7-10"
"ERR6806028","ST335","L4","South Africa","Other","2017-2020","7-10"
"ERR9288082","ST335","L4","South Africa","Other","2021-2024","7-10"
"ERR11455881","ST335","L4","South Africa","Other","2021-2024","7-10"
"ERR6806632","ST335","L4","South Africa","Other","2021-2024","7-10"
"ERR4451478","ST335","L4","South Africa","Other","2017-2020","7-10"
"ERR12302226","ST335","L4","South Africa","Other","2021-2024","7-10"
"ERR12552384","ST335","L4","South Africa","Other","2021-2024","7-10"
"ERR12067334","ST335","L4","South Africa","Other","2021-2024","7-10"
"ERR10880424","ST335","L4","South Africa","Other","2021-2024","7-10"
"ERR10123158","ST335","L4","South Africa","Other","2021-2024","7-10"
"ERR10176869","ST335","L4","South Africa","Other","2021-2024","11-13"
"ERR10880230","ST335","L4","South Africa","Other","2021-2024","11-13"
"ERR11453719","ST335","L4","South Africa","Other","2021-2024","7-10"
"ERR10880157","ST335","L4","South Africa","Other","2021-2024","7-10"
"ERR11872767","ST335","L4","South Africa","Other","2021-2024","11-13"
"ERR6752889","ST335","L4","South Africa","Other","2017-2020","11-13"
"ERR9288143","ST335","L4","South Africa","Other","2021-2024","11-13"
"ERR5751308","ST335","L4","South Africa","Other","2017-2020","7-10"
"ERR4399358","ST335","L4","South Africa","Other","2000-2004","7-10"
"ERR4399957","ST335","L4","Uganda","Other","2000-2004","7-10"
"ERR4399362","ST335","L4","South Africa","Other","2000-2004","7-10"
"SRR13833609","ST335","L4","United Kingdom","Other","2021-2024","Other"
"SRR13719289","ST216","L1","Brazil","Other","2017-2020","1-3"
"SRR13719614","ST216","L1","Brazil","Other","2017-2020","1-3"
"SRR13313312","ST216","L1","Brazil","Other","2017-2020","1-3"
"SRR13313295","ST216","L1","Brazil","Other","2017-2020","1-3"
"SRR13719196","ST216","L1","Brazil","Other","2017-2020","1-3"
"SRR13277434","ST216","L1","Brazil","Other","2017-2020","1-3"
"SRR13277416","ST216","L1","Brazil","Other","2017-2020","1-3"
"SRR13277412","ST216","L1","Brazil","Other","2017-2020","1-3"
"SRR13311773","ST216","L1","Brazil","Other","2013-2016","1-3"
"SRR13313309","ST216","L1","Brazil","Other","2017-2020","Other"
"SRR27481822","ST216","L1","Brazil","Other","2021-2024","1-3"
"SRR27481651","ST216","L1","Brazil","Other","2021-2024","1-3"
"SRR27481649","ST216","L1","Brazil","Other","2021-2024","1-3"
"SRR27481520","ST216","L1","Brazil","Other","2021-2024","1-3"
"SRR27481815","ST216","L1","Brazil","Other","2021-2024","1-3"
"SRR7130368","ST216","L1","Brazil","Other","2013-2016","1-3"
"SRR7130370","ST216","L1","Brazil","Other","2013-2016","1-3"
"SRR7130371","ST216","L1","Brazil","Other","2013-2016","1-3"
"SRR13312061","ST216","L1","Brazil","Other","2013-2016","1-3"
"SRR7130369","ST216","L1","Brazil","Other","2013-2016","1-3"
"ERR4400834","ST216","L1","Taiwan","Other","2005-2008","1-3"
"ERR4338896","ST216","L1","Taiwan","Other","2000-2004","1-3"
"ERR4338560","ST216","L1","Taiwan","Other","2005-2008","1-3"
"SRR1106479","ST216","L1","Taiwan","Other","2000-2004","1-3"
"ERR3581536","ST216","L1","Germany","Other","2017-2020","Other"
"SRR8369293","ST216","L1","United Kingdom","Other","2017-2020","Other"
"SRR7842526","ST216","L1","United Kingdom","Other","2017-2020","Other"
"SRR8297279","ST216","L1","United Kingdom","Other","2017-2020","Other"
"SRR7850690","ST216","L1","United Kingdom","Other","2017-2020","Other"
"SRR7884719","ST216","L1","United Kingdom","Other","2017-2020","Other"
"SRR8350305","ST216","L1","United Kingdom","Other","2017-2020","Other"
"SRR15853458","ST216","L1","United Kingdom","Other","2021-2024","1-3"
"SRR21224019","ST216","L1","United Kingdom","Other","2021-2024","Other"
"SRR20212638","ST216","L1","Russia","Other","Other","Other"
"SRR8706049","ST216","L1","United Kingdom","Other","2013-2016","Other"
"SRR16227977","ST216","L1","United Kingdom","Other","2021-2024","Other"
"ERR4399344","ST216","L1","Netherlands","Other","2005-2008","Other"
"SRR7841631","ST216","L1","United Kingdom","Other","2017-2020","Other"
"SRR22691594","ST216","L1","United Kingdom","Other","2021-2024","Other"
"SRR16301618","ST216","L1","United Kingdom","Other","2021-2024","Other"
"ERR10109287","ST216","L1","South Africa","Other","2021-2024","Other"
"ERR9680890","ST216","L1","South Africa","Other","2017-2020","Other"
"SRR14921286","ST216","L3","United Kingdom","Other","2021-2024","7-10"
"SRR28295566","ST216","L3","United Kingdom","Other","2021-2024","1-3"
"ERR4145363","ST216","L3","Nigeria","Other","2017-2020","7-10"
"ERR4145392","ST216","L3","Nigeria","Other","2017-2020","7-10"
"ERR4145410","ST216","L3","Nigeria","Other","2017-2020","7-10"
"ERR4145345","ST216","L3","Nigeria","Other","2017-2020","7-10"
"SRR8325561","ST216","L3","United Kingdom","Other","2017-2020","1-3"
"SRR8293522","ST216","L3","United Kingdom","Other","2017-2020","1-3"
"ERR4145388","ST216","L3","Nigeria","Other","2017-2020","1-3"
"ERR4145353","ST216","L3","Nigeria","Other","2017-2020","1-3"
"SRR10326268","ST216","L3","United Kingdom","Other","2017-2020","1-3"
"SRR9627787","ST216","L3","United Kingdom","Other","2017-2020","1-3"
"SRR27762886","ST216","L3","United States","Other","2021-2024","1-3"
"SRR10992537","ST216","L3","United Kingdom","Other","2017-2020","1-3"
"SRR1646109","ST216","L3","United Kingdom","Other","2009-2012","1-3"
"SRR7427053","ST216","L3","United Kingdom","Other","2013-2016","7-10"
"SRR8503644","ST216","L3","United Kingdom","Other","2017-2020","1-3"
"SRR7457932","ST5028","L3","United Kingdom","Other","2013-2016","1-3"
"SRR2917137","ST216","L2","United States","Other","2013-2016","4-6"
"SRR2917139","ST216","L2","United States","Other","2013-2016","4-6"
"SRR3137069","ST216","L2","United States","Other","2013-2016","4-6"
"SRR6107195","ST216","L2","United States","Other","Other","4-6"
"SRR2917138","ST216","L2","United States","Other","2013-2016","4-6"
"SRR2917136","ST216","L2","United States","Other","2013-2016","4-6"
"SRR5084265","ST216","L2","United States","Other","2013-2016","4-6"
"SRR5121494","ST216","L2","United States","Other","2013-2016","4-6"
"SRR3001933","ST216","L2","United States","Other","2013-2016","4-6"
"SRR5121497","ST216","L2","United States","Other","2013-2016","4-6"
"SRR2917140","ST216","L2","United States","Other","2013-2016","4-6"
"ERR10368770","ST216","L2","Portugal","Other","2013-2016","4-6"
"ERR160996","ST216","L2","Other","Other","Other","1-3"
"SRR5056398","ST216","L2","Other","Other","Other","1-3"
"ERR3635287","ST216","L2","Other","Other","2005-2008","1-3"
"SRR22175068","ST216","L2","Mexico","Other","2021-2024","1-3"
"SRR21787058","ST216","L2","Mexico","Other","2021-2024","1-3"
"SRR21787324","ST216","L2","Mexico","Other","2021-2024","1-3"
"SRR26858817","ST216","L2","United States","Other","2021-2024","1-3"
"SRR27185117","ST216","L2","United States","Other","2021-2024","1-3"
"SRR21535455","ST216","L2","Mexico","Other","2021-2024","1-3"
"SRR21535466","ST216","L2","Mexico","Other","2021-2024","1-3"
"SRR26050334","ST216","L2","United States","Other","2021-2024","1-3"
"SRR5379276","ST216","L2","United States","Other","Other","1-3"
"SRR6457657","ST216","L2","United States","Other","Other","1-3"
"SRR14360286","ST216","L2","United States","Other","2021-2024","1-3"
"SRR8137438","ST216","L2","United Kingdom","Other","2017-2020","1-3"
"ERR3635266","ST216","L2","Other","Other","2000-2004","Other"
"SRR1973602","ST216","L2","Colombia","Other","2005-2008","Other"
"SRR3002514","ST216","L2","United States","Other","2005-2008","Other"
"SRR7467291","ST216","L2","United States","Other","Other","1-3"
"ERR4400884","ST216","L2","South Africa","Other","2000-2004","7-10"
"ERR4399363","ST216","L2","South Africa","Other","2000-2004","7-10"
"ERR4401298","ST216","L2","South Africa","Other","2000-2004","7-10"
"ERR4400265","ST216","L2","South Africa","Other","2000-2004","7-10"
"ERR4401598","ST216","L2","South Africa","Other","2000-2004","7-10"
"ERR4401297","ST216","L2","South Africa","Other","2000-2004","7-10"
"ERR4401299","ST216","L2","South Africa","Other","2000-2004","7-10"
"ERR6806710","ST216","L2","South Africa","Other","2017-2020","Other"
"SRR952929","ST216","L2","United States","Other","2000-2004","Other"
"SRR7292863","ST216","L2","United Kingdom","Other","2017-2020","Other"
"SRR1966891","ST216","L2","United Kingdom","Other","2013-2016","Other"
"SRR1967735","ST216","L2","United Kingdom","Other","2013-2016","Other"
