path,source,source_sha256,role,change,archive_sha256
data/data_clean/phenotype_summary_17.csv,phenotype_summary_17.csv,34cc9d6a4dbd16ee93d4d7922b2dfa869240937114039ec3bafac67924d180fc,Fixed manuscript analysis table,Verbatim,34cc9d6a4dbd16ee93d4d7922b2dfa869240937114039ec3bafac67924d180fc
data/data_clean/Kenneth_recorded_biocide_results_42.csv,Kenneth_recorded_biocide_results_42.csv,a9d8ca34217c7f0d403557adcdbb0bf56791e3267720020a0442c228d4ae878d,Fixed manuscript analysis table,Verbatim,a9d8ca34217c7f0d403557adcdbb0bf56791e3267720020a0442c228d4ae878d
data/data_clean/BSI_annual_resistance_summary_2015_2023.csv,BSI_annual_resistance_summary_2015_2023.csv,6f8165982fc5b6f2261a8214139067018bf6a271e23d01e9722f3f716821ba32,Fixed manuscript analysis table,Verbatim,6f8165982fc5b6f2261a8214139067018bf6a271e23d01e9722f3f716821ba32
data/data_clean/phenotype_isolate_index_42.csv,phenotype_isolate_index_42.csv,a8346221f947d9d9063bc34e5883f0618c8e57e2ff8b4607ca3ff2edb1abe68f,Fixed manuscript analysis table,Verbatim,a8346221f947d9d9063bc34e5883f0618c8e57e2ff8b4607ca3ff2edb1abe68f
data/data_clean/phenotype_zone_diameters_42.csv,phenotype_zone_diameters_42.csv,c43a47fa1c0266af784e2abeea6076b08875687d229b3773b6d7bbafedd5be51,Fixed manuscript analysis table,Verbatim,c43a47fa1c0266af784e2abeea6076b08875687d229b3773b6d7bbafedd5be51
data/data_clean/Malawi_matrix_cell_reconciliation.csv,Malawi_matrix_cell_reconciliation.csv,08eba2ab3ace38b8af0f15282793262f85365a3b078b2111087db27c306df857,Fixed manuscript analysis table,Verbatim,08eba2ab3ace38b8af0f15282793262f85365a3b078b2111087db27c306df857
data/data_clean/AMRFinder_annotation_audit.csv,AMRFinder_annotation_audit.csv,83938d39e6007941b106a287996bae6ea89d544d8941e8c1e515aaa4902d65b1,Fixed manuscript analysis table,Verbatim,83938d39e6007941b106a287996bae6ea89d544d8941e8c1e515aaa4902d65b1
data/data_clean/CC25_matrix_tree_reconciliation_4.csv,CC25_matrix_tree_reconciliation_4.csv,97b9bd8fbb98b3fc65020220529ed99d28ef658d438331a5c405235ff6ffa778,Fixed manuscript analysis table,Verbatim,97b9bd8fbb98b3fc65020220529ed99d28ef658d438331a5c405235ff6ffa778
data/data_clean/isolate_accession_line_list_345.csv,isolate_accession_line_list_345.csv,a0fd000021fa4ed1df4ae1d256c04fc6eaef8a221410de3878fc4f40624ce2d4,Fixed manuscript analysis table,Verbatim,a0fd000021fa4ed1df4ae1d256c04fc6eaef8a221410de3878fc4f40624ce2d4
data/data_clean/AMR_allele_label_reconciliation.csv,AMR_allele_label_reconciliation.csv,80b891b71f93b25d32658c2fd43b60c9cd31c8f096335f27ebd8abe9821c5728,Fixed manuscript analysis table,Verbatim,80b891b71f93b25d32658c2fd43b60c9cd31c8f096335f27ebd8abe9821c5728
data/data_clean/genomic_determinants_345.csv,genomic_determinants_345.csv,e1bba38d77e69ef4e4b5996250f36146cc1129a3905c1744e2edf0f387d3cda7,Fixed manuscript analysis table,Verbatim,e1bba38d77e69ef4e4b5996250f36146cc1129a3905c1744e2edf0f387d3cda7
data/data_clean/Malawi_timeline_74_month_resolution.csv,Malawi_timeline_74_month_resolution.csv,23fbe55434c985832380429d5ee1d69567aba3b867e6271306159b61f36760d9,Fixed manuscript analysis table,Verbatim,23fbe55434c985832380429d5ee1d69567aba3b867e6271306159b61f36760d9
data/data_clean/antibiotic_dictionary_17.csv,antibiotic_dictionary_17.csv,8430e49eb3dcdde2f5e481621b4b85586c8cfa28d39caeedaecc6ba423f1fa54,Fixed manuscript analysis table,Verbatim,8430e49eb3dcdde2f5e481621b4b85586c8cfa28d39caeedaecc6ba423f1fa54
data/data_clean/CC25_327_matrix_isolate_index.csv,CC25_327_matrix_isolate_index.csv,a1ed26ae9a2c3d3221335deb7f93aca6420d70da46ee7989ef34c51f485b0076,Fixed manuscript analysis table,Verbatim,a1ed26ae9a2c3d3221335deb7f93aca6420d70da46ee7989ef34c51f485b0076
data/data_clean/invasive_cases_21_safe.csv,invasive_cases_21_safe.csv,32d8c1e029886bf5aed38e03c6aff3311bc8174804da5778b65af65739ed01d2,Fixed manuscript analysis table,Verbatim,32d8c1e029886bf5aed38e03c6aff3311bc8174804da5778b65af65739ed01d2
data/data_clean/disinfectant_MIC_MBC_original.csv,disinfectant_MIC_MBC_original.csv,7bb822de4538612531afcc714c157fc045714af4ecbff5a8dabffe7b69e2f2d3,Fixed manuscript analysis table,Verbatim,7bb822de4538612531afcc714c157fc045714af4ecbff5a8dabffe7b69e2f2d3
data/data_clean/genomic_category_flags_345.csv,genomic_category_flags_345.csv,13bfc0418e2a85f19a3cd410af6c2ba3d0cc466e35ff8ce7b98d9021274b3e6e,Fixed manuscript analysis table,Verbatim,13bfc0418e2a85f19a3cd410af6c2ba3d0cc466e35ff8ce7b98d9021274b3e6e
data/data_clean/genomic_category_marker_dictionary.csv,genomic_category_marker_dictionary.csv,b4c7066e8d3ac37b6cc431faf87dba7ac56cc777ddc3238785a45fe1f7136e7b,Fixed manuscript analysis table,Verbatim,b4c7066e8d3ac37b6cc431faf87dba7ac56cc777ddc3238785a45fe1f7136e7b
data/data_clean/ENA_deposited_isolates_80.csv,ENA_deposited_isolates_80.csv,41387c500623f0cf705573dac708af6792c3d68524edf3a855d0849bf3af94f7,Fixed manuscript analysis table,Verbatim,41387c500623f0cf705573dac708af6792c3d68524edf3a855d0849bf3af94f7
data/data_clean/panel_isolate_index.csv,panel_isolate_index.csv,611538fd67eb0f61468d66bcb773c40bf7eb3543a72140653482aa525ba70868,Fixed manuscript analysis table,Verbatim,611538fd67eb0f61468d66bcb773c40bf7eb3543a72140653482aa525ba70868
data/data_clean/ST335_224_matrix_isolate_index.csv,ST335_224_matrix_isolate_index.csv,1043b6178e9f63dfeead91564c064590c891e9883d6a13a81ad55c48b0096aee,Fixed manuscript analysis table,Verbatim,1043b6178e9f63dfeead91564c064590c891e9883d6a13a81ad55c48b0096aee
data/data_clean/phenotype_categories_as_recorded_42.csv,phenotype_categories_as_recorded_42.csv,cc290f90dc674be688d7ee0044bc4d6e025b9255881d92a3fa8a9f797dcf317c,Fixed manuscript analysis table,Verbatim,cc290f90dc674be688d7ee0044bc4d6e025b9255881d92a3fa8a9f797dcf317c
data/data_clean/isolates_outside_CC25_tree_18.csv,isolates_outside_CC25_tree_18.csv,1e9c9831d99d585ae8bcc1957a9bd8466c6c748387a466333dad21000ef1c03f,Fixed manuscript analysis table,Verbatim,1e9c9831d99d585ae8bcc1957a9bd8466c6c748387a466333dad21000ef1c03f
data/data_clean/panel_summary.csv,panel_summary.csv,52b9cba668e593e7c1adee7ed9d800ca2c9625272a6e30a152b7ace3eb6f9e4f,Fixed manuscript analysis table,Verbatim,52b9cba668e593e7c1adee7ed9d800ca2c9625272a6e30a152b7ace3eb6f9e4f
data/data_clean/CC25_331_matrix_isolate_index.csv,CC25_331_matrix_isolate_index.csv,84c75d67da74dcd2a19a1560a0f8572afe123b9ee25f444e25bd95b8e883c051,Fixed manuscript analysis table,Verbatim,84c75d67da74dcd2a19a1560a0f8572afe123b9ee25f444e25bd95b8e883c051
data/data_clean/neonatal_unit_isolates_37.csv,neonatal_unit_isolates_37.csv,3dc1df8e1d7e9c04be7037708fab166d409e9224bd1ee0f6ad6329116ca8a5f5,Fixed manuscript analysis table,Verbatim,3dc1df8e1d7e9c04be7037708fab166d409e9224bd1ee0f6ad6329116ca8a5f5
data/matrices/ST335-01.csv,ST335-01.csv,a2a6161213fd09adb2828b8f121c5d725c6c9085042595ee6d164840197343c6,Pairwise SNP distances,Verbatim,a2a6161213fd09adb2828b8f121c5d725c6c9085042595ee6d164840197343c6
data/matrices/CC25-11.csv,CC25-11.csv,dc379a3b3e61f3529fe4d81264629c9decc24a7b3ec47f33eeb7e0b955a72cb2,Pairwise SNP distances,Verbatim,dc379a3b3e61f3529fe4d81264629c9decc24a7b3ec47f33eeb7e0b955a72cb2
data/matrices/CC25-05.csv,CC25-05.csv,e8449afc5a1882784951e92671637bfd3f9f83095ea4656060a8552822282fc0,Pairwise SNP distances,Verbatim,e8449afc5a1882784951e92671637bfd3f9f83095ea4656060a8552822282fc0
data/matrices/CC25-08.csv,CC25-08.csv,4b6c68507c65e6987e56e74e18542bf28e371dda25b070415514b0749061e163,Pairwise SNP distances,Verbatim,4b6c68507c65e6987e56e74e18542bf28e371dda25b070415514b0749061e163
data/matrices/CC25-03.csv,CC25-03.csv,6e0eca09ff3e953560d7f25bbe8c3da5a8f4da9a3b7cdc7fc61779672502f345,Pairwise SNP distances,Verbatim,6e0eca09ff3e953560d7f25bbe8c3da5a8f4da9a3b7cdc7fc61779672502f345
data/matrices/CC25-09.csv,CC25-09.csv,1d146f83f88cf22d858d865f1e53d5d6f6f0ac44a37435196ae3cf55bec54994,Pairwise SNP distances,Verbatim,1d146f83f88cf22d858d865f1e53d5d6f6f0ac44a37435196ae3cf55bec54994
data/matrices/ST335-03.csv,ST335-03.csv,6e0eca09ff3e953560d7f25bbe8c3da5a8f4da9a3b7cdc7fc61779672502f345,Pairwise SNP distances,Verbatim,6e0eca09ff3e953560d7f25bbe8c3da5a8f4da9a3b7cdc7fc61779672502f345
data/matrices/ST335-05.csv,ST335-05.csv,e8449afc5a1882784951e92671637bfd3f9f83095ea4656060a8552822282fc0,Pairwise SNP distances,Verbatim,e8449afc5a1882784951e92671637bfd3f9f83095ea4656060a8552822282fc0
data/matrices/CC25_tree_aligned_327.csv,CC25_tree_aligned_327.csv,8a02ccf33f337efb85d8c3a8c6831b3c025e9051359d6f6526d42eb5a95fdf5e,Pairwise SNP distances,Verbatim,8a02ccf33f337efb85d8c3a8c6831b3c025e9051359d6f6526d42eb5a95fdf5e
data/matrices/CC25-07.csv,CC25-07.csv,363d091bec5a1403d750d6e97eed3d39ff733f01fe95337df9ba0d6acab69928,Pairwise SNP distances,Verbatim,363d091bec5a1403d750d6e97eed3d39ff733f01fe95337df9ba0d6acab69928
data/matrices/ST335-07.csv,ST335-07.csv,363d091bec5a1403d750d6e97eed3d39ff733f01fe95337df9ba0d6acab69928,Pairwise SNP distances,Verbatim,363d091bec5a1403d750d6e97eed3d39ff733f01fe95337df9ba0d6acab69928
data/matrices/CC25-02.csv,CC25-02.csv,4198384524d9390f6628a28534a7248b8919627b43f214d0520e51fd7764bfaf,Pairwise SNP distances,Verbatim,4198384524d9390f6628a28534a7248b8919627b43f214d0520e51fd7764bfaf
data/matrices/ST335-02.csv,ST335-02.csv,4198384524d9390f6628a28534a7248b8919627b43f214d0520e51fd7764bfaf,Pairwise SNP distances,Verbatim,4198384524d9390f6628a28534a7248b8919627b43f214d0520e51fd7764bfaf
data/matrices/ST335_tree_aligned_224.csv,ST335_tree_aligned_224.csv,6f6a42264a2e7f7f67481dec496051a5fd925f93286922b61883611c777934c0,Pairwise SNP distances,Verbatim,6f6a42264a2e7f7f67481dec496051a5fd925f93286922b61883611c777934c0
data/matrices/CC25_complete_331.csv,CC25_complete_331.csv,542aa06e540f06dfd2d980c9e294b6648e244aa89bcb694adfa79f908662b94f,Pairwise SNP distances,Verbatim,542aa06e540f06dfd2d980c9e294b6648e244aa89bcb694adfa79f908662b94f
data/matrices/CC25-12.csv,CC25-12.csv,a91bac91c4d3853e329c45cf0d82ea29b343787b63d769f3bf0b7367b3ca8e9e,Pairwise SNP distances,Verbatim,a91bac91c4d3853e329c45cf0d82ea29b343787b63d769f3bf0b7367b3ca8e9e
data/matrices/CC25-04.csv,CC25-04.csv,2200678b642cdeec92c044bb2bc6240574f5f7980c7806ba765ab7f3e302084c,Pairwise SNP distances,Verbatim,2200678b642cdeec92c044bb2bc6240574f5f7980c7806ba765ab7f3e302084c
data/matrices/ST335-06.csv,ST335-06.csv,bcb47ee4a3be357fa8b995164fa3b8493fa2257511322e995c03440bc632515e,Pairwise SNP distances,Verbatim,bcb47ee4a3be357fa8b995164fa3b8493fa2257511322e995c03440bc632515e
data/matrices/CC25-01.csv,CC25-01.csv,a2a6161213fd09adb2828b8f121c5d725c6c9085042595ee6d164840197343c6,Pairwise SNP distances,Verbatim,a2a6161213fd09adb2828b8f121c5d725c6c9085042595ee6d164840197343c6
data/matrices/ST335-04.csv,ST335-04.csv,2200678b642cdeec92c044bb2bc6240574f5f7980c7806ba765ab7f3e302084c,Pairwise SNP distances,Verbatim,2200678b642cdeec92c044bb2bc6240574f5f7980c7806ba765ab7f3e302084c
data/matrices/CC25-10.csv,CC25-10.csv,c49774e001b15d67cb2755376409456afc377704cef5c81ecf4ccd798a9e8434,Pairwise SNP distances,Verbatim,c49774e001b15d67cb2755376409456afc377704cef5c81ecf4ccd798a9e8434
data/matrices/CC25-06.csv,CC25-06.csv,bcb47ee4a3be357fa8b995164fa3b8493fa2257511322e995c03440bc632515e,Pairwise SNP distances,Verbatim,bcb47ee4a3be357fa8b995164fa3b8493fa2257511322e995c03440bc632515e
data/trees/ST335_tree.nwk,ST335_tree.nwk,60c6e64a0631d8110f61e9bc17049505f436b86c01f14c35f8efb36151c68b6d,Fixed phylogeny,Verbatim,60c6e64a0631d8110f61e9bc17049505f436b86c01f14c35f8efb36151c68b6d
data/trees/CC25_tree.nwk,CC25_tree.nwk,83a0d4905d0e59ee1c659b10b01ed9c49a0fa4dea36015f87a6b664542f44491,Fixed phylogeny,Verbatim,83a0d4905d0e59ee1c659b10b01ed9c49a0fa4dea36015f87a6b664542f44491
data/data_clean/scientific_config.json,scientific_config.json,5484b9b6f83b7d9372e995aed52ee3f0e500e63fca453f4956f05c27f3a3b668,Recorded plotting definitions,Verbatim,5484b9b6f83b7d9372e995aed52ee3f0e500e63fca453f4956f05c27f3a3b668
data/data_clean/figure_registry.json,figure_registry.json,3a5804e70ab50c8a185ea75bb4cfe630b9f4f605e0b1823de104d730f95d3242,Recorded plotting definitions,"Retained output names, areas, dimensions and DPI; inactive audit fields removed",b36f390d520258751a35be98b7020900619d9e9cf76d569eda5f013e06934c3d
data/data_clean/additional_hospital_metadata.csv,additional_hospital_metadata.csv,c4af772e9f72a9e56b7fb6dd9e2e9e4a7d60f0b9dc4e539a4a5f27767465c64c,Additional publication-safe metadata projection,Verbatim,c4af772e9f72a9e56b7fb6dd9e2e9e4a7d60f0b9dc4e539a4a5f27767465c64c
data/data_clean/additional_archive_metadata_274.csv,additional_archive_metadata_274.csv,5270e212fa6d85616363ab229f9b503838074a346b76caa317856ff7fe60ae25,Additional publication-safe metadata projection,Verbatim,5270e212fa6d85616363ab229f9b503838074a346b76caa317856ff7fe60ae25
data/data_clean/additional_genomic_determinants_345.csv,additional_genomic_determinants_345.csv,ab0218a5d4795525e06fdc60c2da9016e6e26ffcf5c454502d8b8f9a478fc5ee,Additional publication-safe metadata projection,Verbatim,ab0218a5d4795525e06fdc60c2da9016e6e26ffcf5c454502d8b8f9a478fc5ee
data/data_clean/additional_Malawi_month_metadata_74.csv,additional_Malawi_month_metadata_74.csv,ded3bea8c873638497ec8f96ffa42269dc6735d2a411a20df6c8189122e7b7e2,Additional publication-safe metadata projection,Verbatim,ded3bea8c873638497ec8f96ffa42269dc6735d2a411a20df6c8189122e7b7e2
provenance/new_metadata_source_conflicts.csv,new_metadata_source_conflicts.csv,ef78bb355bc215b52b67478028d7f61bd983f3f5b05c3ee946aaf1c8c4cd370f,Source comparison,Verbatim,ef78bb355bc215b52b67478028d7f61bd983f3f5b05c3ee946aaf1c8c4cd370f
provenance/new_alignment_32_inventory.csv,new_alignment_32_inventory.csv,10fb8325063240ace3a1c20addaa7d28118a269c8f5ed4ef0e7e4a7ca111d8d2,Source comparison,Verbatim,10fb8325063240ace3a1c20addaa7d28118a269c8f5ed4ef0e7e4a7ca111d8d2
data/data_raw/all_isangi_assemblies_amrfinder2_20062024.csv,all_isangi_assemblies_amrfinder2_20062024.csv,16f3b97d50dc24f98bfc1879ed82b07402c566676bc4fd6bcd7878ec1fd72010,Figure 3B source,Verbatim,16f3b97d50dc24f98bfc1879ed82b07402c566676bc4fd6bcd7878ec1fd72010
data/data_raw/isangi_st_lookup.csv,isangi_st_lookup.csv,deb122d7079ffab190f820229e7e6fd45aba82af0927f6f842afba5f2482bb21,Figure 3B source,Verbatim,deb122d7079ffab190f820229e7e6fd45aba82af0927f6f842afba5f2482bb21
data/data_raw/2026.01.13.ncbi_pathogen_salmonella_amr_serovar.tsv.tsv.gz,2026.01.13.ncbi_pathogen_salmonella_amr_serovar.tsv.tsv,894fc85cdb6b0d36be2afa8418a5804098a7b8f63b397b49efbd1a15eb085282,NCBI comparison export,Lossless gzip compression; decompression reproduces source bytes,683ec61e916b57672840322981bc5a5903f244483ad62232254ae4d4a713c52a
data/data_raw/ebg_25_snpmatrix.tsv,ebg_25_snpmatrix.tsv,10aa990b018cbf0c708468e4db9be3f81a852a8347e2968335963d12b593a399,Original 331-isolate SNP matrix,Verbatim,10aa990b018cbf0c708468e4db9be3f81a852a8347e2968335963d12b593a399
data/manifests/failed_input_events.tsv,failed_input_events.tsv,a4d915ce8e9aa5870236d172c20f92572d739fcf738e2d881e192abf798bab9a,Historical cohort selection,Verbatim,a4d915ce8e9aa5870236d172c20f92572d739fcf738e2d881e192abf798bab9a
data/manifests/assembled_381.notebook_derived.txt,assembled_381.notebook_derived.txt,aee74ca026baf36b43841c1ff6c28079f687d354ec3b3f2af5dea09b533455b0,Historical cohort selection,Verbatim,aee74ca026baf36b43841c1ff6c28079f687d354ec3b3f2af5dea09b533455b0
data/manifests/non_cc25_qc_18.notebook_derived.txt,non_cc25_qc_18.notebook_derived.txt,4a082e380e288cb89d7c234dfae3b6c84864d693e1e1997b2fa08503b2bcc046,Historical cohort selection,Verbatim,4a082e380e288cb89d7c234dfae3b6c84864d693e1e1997b2fa08503b2bcc046
data/manifests/phenix_331.notebook_derived.txt,phenix_331.notebook_derived.txt,bf0b76ec15b1755cb70f78e0f0e83c4498743dee7e94ef654ba181d820164bcc,Historical cohort selection,Verbatim,bf0b76ec15b1755cb70f78e0f0e83c4498743dee7e94ef654ba181d820164bcc
data/manifests/public_archive_runs_274.notebook_derived.tsv,public_archive_runs_274.notebook_derived.tsv,03979114ed19e2c2dfa724d692fc59cf5cf78cedec10ff970eea18f4669cef05,Historical cohort selection,Verbatim,03979114ed19e2c2dfa724d692fc59cf5cf78cedec10ff970eea18f4669cef05
data/manifests/cc25_327.notebook_derived.txt,cc25_327.notebook_derived.txt,70d299e17602463dc8204a95de6f27d255b97aa221b6c13fbf15da794bf3d58b,Historical cohort selection,Verbatim,70d299e17602463dc8204a95de6f27d255b97aa221b6c13fbf15da794bf3d58b
data/manifests/isangi_352.notebook_derived.txt,isangi_352.notebook_derived.txt,dffb921d455dac5de0a7e9df9c384a481006f5d4ab9e450058485639c69b89d8,Historical cohort selection,Verbatim,dffb921d455dac5de0a7e9df9c384a481006f5d4ab9e450058485639c69b89d8
data/manifests/ena_80_supplied.tsv,ena_80_supplied.tsv,7c60f826f64e8342d11bff8c985130a63d673263249c5375cd4062ad6150b6c3,Historical cohort selection,Verbatim,7c60f826f64e8342d11bff8c985130a63d673263249c5375cd4062ad6150b6c3
data/manifests/assembly_qc_decisions.tsv,assembly_qc_decisions.tsv,583d8e4a1271d8a3d6bc65e2394899fb613a792bef112affd859c43e5294f0e9,Historical cohort selection,Verbatim,583d8e4a1271d8a3d6bc65e2394899fb613a792bef112affd859c43e5294f0e9
data/manifests/non_isangi_decisions.tsv,non_isangi_decisions.tsv,28498db60e428cbd6f6d0997e1ac97ec33d70a4771a49b1b0b1e245f575db6e8,Historical cohort selection,Verbatim,28498db60e428cbd6f6d0997e1ac97ec33d70a4771a49b1b0b1e245f575db6e8
data/manifests/assembly_qc_345.notebook_derived.txt,assembly_qc_345.notebook_derived.txt,5652104ffb0c52d6890af1700183214640ebe6f38ac596032f935b8238b925ff,Historical cohort selection,Verbatim,5652104ffb0c52d6890af1700183214640ebe6f38ac596032f935b8238b925ff
data/manifests/phylogeny_exclusions.tsv,phylogeny_exclusions.tsv,618020b1ac83131f87867e1ecf57f69460b4dfe56ac16ae463ece019e66ef7ee,Historical cohort selection,Verbatim,618020b1ac83131f87867e1ecf57f69460b4dfe56ac16ae463ece019e66ef7ee
provenance/commands/04_phenix_invocation.txt,04_phenix_invocation.txt,a9d4f9cf8cb0c94e6c31dd8b5fbf8dd39a21f7a6808f6132c34ccfeb45ed661a,Historical command transcription,Verbatim,a9d4f9cf8cb0c94e6c31dd8b5fbf8dd39a21f7a6808f6132c34ccfeb45ed661a
provenance/commands/02_reference_remake.sh.txt,02_reference_remake.sh.txt,8461fcae498ab0b7bd0efd2a2cdfe38243351720cdb1e4ac6c6a17aca16ad17d,Historical command transcription,Verbatim,8461fcae498ab0b7bd0efd2a2cdfe38243351720cdb1e4ac6c6a17aca16ad17d
provenance/commands/05_coverage_excerpt.sh.txt,05_coverage_excerpt.sh.txt,b59b5c67547a071013ab3a52b05aaf241ea13560b08bd936f945f4c89e1dd85f,Historical command transcription,Verbatim,b59b5c67547a071013ab3a52b05aaf241ea13560b08bd936f945f4c89e1dd85f
provenance/commands/08_exploratory_branches.sh.txt,08_exploratory_branches.sh.txt,1b12a505ef858216c8f2259f95f6458b23c79efa62b5ddff7c0d9aed4485abb0,Historical command transcription,Verbatim,1b12a505ef858216c8f2259f95f6458b23c79efa62b5ddff7c0d9aed4485abb0
provenance/commands/04_third_phenix.nf.txt,04_third_phenix.nf.txt,b7d230899bd09f8d750fc9aa22b8671b276abb535d1a21761da8cdbf74262e2f,Historical command transcription,Verbatim,b7d230899bd09f8d750fc9aa22b8671b276abb535d1a21761da8cdbf74262e2f
provenance/commands/07_late_phylogenies.sh.txt,07_late_phylogenies.sh.txt,87ad72eb19914f0d225a0b650b2095ff89ca7d9c8d8b4e2d1e329a24da246339,Historical command transcription,Verbatim,87ad72eb19914f0d225a0b650b2095ff89ca7d9c8d8b4e2d1e329a24da246339
provenance/commands/06_alignment_and_distances.sh.txt,06_alignment_and_distances.sh.txt,1ebf9aa39feb5ae95578ca32ef90caa07e8415b88431ea232d9aa9200f2bcd8e,Historical command transcription,Verbatim,1ebf9aa39feb5ae95578ca32ef90caa07e8415b88431ea232d9aa9200f2bcd8e
provenance/commands/03_amrfinder_final_in_page.sh.txt,03_amrfinder_final_in_page.sh.txt,e2e4844b39d655cec5d747766cab1af6b0c7641f2539d1070fe4054d9f688417,Historical command transcription,Verbatim,e2e4844b39d655cec5d747766cab1af6b0c7641f2539d1070fe4054d9f688417
provenance/commands/01_assembly_and_typing.sh.txt,01_assembly_and_typing.sh.txt,804da767125712fd1fbb52abe91f66f2e4816cbd489cc41522f1befdd88141fa,Historical command transcription,Verbatim,804da767125712fd1fbb52abe91f66f2e4816cbd489cc41522f1befdd88141fa
provenance/commands/original/14_SPADES_all_23052024(1).txt,14_SPADES_all_23052024(1).txt,2d60beac06bb59302a4756a6bd0f77c6de22084b9e77502869e94ca83bd67d1f,Original command file,Verbatim,2d60beac06bb59302a4756a6bd0f77c6de22084b9e77502869e94ca83bd67d1f
provenance/commands/original/01_script_02042024(2).txt,01_script_02042024(2).txt,5ad606a84d63374062c4008c75c8cedc938563ef05fefc9ed5d3146caacc74a4,Original command file,Verbatim,5ad606a84d63374062c4008c75c8cedc938563ef05fefc9ed5d3146caacc74a4
provenance/commands/original/15_organising fastq(1).gz 17052024.txt,15_organising fastq(1).gz 17052024.txt,95ba11ffcdf5c080f9db34a1f5a06856869c1e6f6d78284d576d838cf7d29050,Original command file,Verbatim,95ba11ffcdf5c080f9db34a1f5a06856869c1e6f6d78284d576d838cf7d29050
provenance/commands/original/06_Outline of steps taken 26042024(1).txt,06_Outline of steps taken 26042024(1).txt,435ad6414ea029a2dabe497fa320791ebbe2fda6912d5fa58263353ad33056ae,Original command file,Verbatim,435ad6414ea029a2dabe497fa320791ebbe2fda6912d5fa58263353ad33056ae
provenance/commands/original/05_sistr_cmd_07042024(1).txt,05_sistr_cmd_07042024(1).txt,2e5d0b62c690cd3f799c316a5ed9d9c6623d424cabf944d72c98bcea3d8ab2b8,Original command file,Verbatim,2e5d0b62c690cd3f799c316a5ed9d9c6623d424cabf944d72c98bcea3d8ab2b8
provenance/commands/original/04_ncbi_fastq_to_shovill_07042024(2).txt,04_ncbi_fastq_to_shovill_07042024(2).txt,a2c94be75c55466a19180e14f1e33b84130084e326fde4c18732a5f50a621524,Original command file,Verbatim,a2c94be75c55466a19180e14f1e33b84130084e326fde4c18732a5f50a621524
provenance/commands/original/12_fastqs through bbduk 21052024(1).txt,12_fastqs through bbduk 21052024(1).txt,c9c54212070f62e890a0adaba7b7e2f64432f7bb03f376ee446c3756701b9cd2,Original command file,Verbatim,c9c54212070f62e890a0adaba7b7e2f64432f7bb03f376ee446c3756701b9cd2
provenance/commands/original/02_Accession_column_numbers_02042024(2).txt,02_Accession_column_numbers_02042024(2).txt,0b25f5dafd915fe2953145a362d9156e89c10b06e7e0cc6e4c747b2c9b35aafd,Original command file,Verbatim,0b25f5dafd915fe2953145a362d9156e89c10b06e7e0cc6e4c747b2c9b35aafd
provenance/commands/original/07_Accession_column(1).txt,07_Accession_column(1).txt,0b25f5dafd915fe2953145a362d9156e89c10b06e7e0cc6e4c747b2c9b35aafd,Original command file,Verbatim,0b25f5dafd915fe2953145a362d9156e89c10b06e7e0cc6e4c747b2c9b35aafd
provenance/commands/original/09_sistr_rigby_29042024.txt,09_sistr_rigby_29042024.txt,dd63fc32935f3610d13719ea5aa49757dae3b6aa57fca77899f3454ececb696f,Original command file,Verbatim,dd63fc32935f3610d13719ea5aa49757dae3b6aa57fca77899f3454ececb696f
provenance/commands/original/13_Quast 240502024(1).txt,13_Quast 240502024(1).txt,58177c9993abd015b110fd205483ba289eaa324a59238e76cf765fb3e315a5ae,Original command file,Verbatim,58177c9993abd015b110fd205483ba289eaa324a59238e76cf765fb3e315a5ae
provenance/commands/original/03_shovill 05042024(2).txt,03_shovill 05042024(2).txt,6bf68ee3a71e2a4b9b65b264868c5b799ea7fa6762ebf6b0d1b7d8029345846f,Original command file,Verbatim,6bf68ee3a71e2a4b9b65b264868c5b799ea7fa6762ebf6b0d1b7d8029345846f
provenance/commands/original/11_shovill_rigby_26042024.txt,11_shovill_rigby_26042024.txt,26291412018ddd8e69dd10c6ba3f9a914479a0a7d8ef54cfbf40948f13eea8be,Original command file,Verbatim,26291412018ddd8e69dd10c6ba3f9a914479a0a7d8ef54cfbf40948f13eea8be
provenance/commands/original/10_mlst_rigby_29042024.txt,10_mlst_rigby_29042024.txt,92f4a5d054dbe74ee493d4daf951d1207fe19fe237e30a7cdd21bd0281c9f599,Original command file,Verbatim,92f4a5d054dbe74ee493d4daf951d1207fe19fe237e30a7cdd21bd0281c9f599
provenance/commands/original/08_Entrez_Direct(1).txt,08_Entrez_Direct(1).txt,9294ad7d045b7496dfdea80a1d53eb6f79c3231faa2849e1689e41d199d81431,Original command file,Verbatim,9294ad7d045b7496dfdea80a1d53eb6f79c3231faa2849e1689e41d199d81431
workflow/06_amrfinder.sh,06_amrfinder.sh,d596e27b69719c358aa90392bd5d4aa1dc9f61eafc237072e3af9a7d958e40e8,Staged genomic reanalysis wrapper,Comments shortened; repository-relative root; run messages edited. Analytical arguments retained.,d596e27b69719c358aa90392bd5d4aa1dc9f61eafc237072e3af9a7d958e40e8
workflow/04_qc_quast.sh,04_qc_quast.sh,dc418dec9c40f538115bedc1a962602245fd2e17cc38566bbdf94dda5e1423ae,Staged genomic reanalysis wrapper,Comments shortened; repository-relative root; run messages edited. Analytical arguments retained.,dc418dec9c40f538115bedc1a962602245fd2e17cc38566bbdf94dda5e1423ae
workflow/11_snp_distances.sh,11_snp_distances.sh,9755dbb8799cd8c0d44b4fba78ae9e071b5385bdd6f76212db7c296664caeff9,Staged genomic reanalysis wrapper,Comments shortened; repository-relative root; run messages edited. Analytical arguments retained.,9755dbb8799cd8c0d44b4fba78ae9e071b5385bdd6f76212db7c296664caeff9
workflow/09_phenix.nf,09_phenix.nf,e644580d5d9f1e113074a38f583b04ce6eaa4890590200747fba59be60635bd2,Staged genomic reanalysis wrapper,Comments shortened; repository-relative root; run messages edited. Analytical arguments retained.,a278ce15d487c2db6d110edfd1786785945c57e87eb706a01323e328db259c6b
workflow/12_gubbins.sh,12_gubbins.sh,b5ac09ecf94b1ad646ec492446939c2c441afd4f74148e34f37584daa5a49e98,Staged genomic reanalysis wrapper,Comments shortened; repository-relative root; run messages edited. Analytical arguments retained.,b5ac09ecf94b1ad646ec492446939c2c441afd4f74148e34f37584daa5a49e98
workflow/20_mob_typer.sh,20_mob_typer.sh,f6551b23bcfbd69a95ad1aac61f58957ddf6d2a805e145a4e727ecc20b76860f,Staged genomic reanalysis wrapper,Comments shortened; repository-relative root; run messages edited. Analytical arguments retained.,f6551b23bcfbd69a95ad1aac61f58957ddf6d2a805e145a4e727ecc20b76860f
workflow/01_download_public_reads.sh,01_download_public_reads.sh,d799a170d98d11ecb5cf3cb76b60bdd2d4594f96e889240a7401f1bedd434f8e,Staged genomic reanalysis wrapper,Comments shortened; repository-relative root; run messages edited. Analytical arguments retained.,3058a98b46e4a8ca3c92c0228b666059e673e5a1ea2a986f79e314ce80cf2db9
workflow/00_config.sh,00_config.sh,65bdef3f75221cd5efe6a2c671d241c22afc8739cfd8d106eff2f66705cd2f0b,Staged genomic reanalysis wrapper,Comments shortened; repository-relative root; run messages edited. Analytical arguments retained.,343480ccacfcf26b0d2258efef26c80803b257f40ec145d68357d47488e9adda
workflow/14_import_rhierbaps_assignments.sh,14_import_rhierbaps_assignments.sh,334ca0dc8eb1298d36ffee733d5aacbeefd08f1409fe544322456d99e62254fc,Staged genomic reanalysis wrapper,Comments shortened; repository-relative root; run messages edited. Analytical arguments retained.,334ca0dc8eb1298d36ffee733d5aacbeefd08f1409fe544322456d99e62254fc
workflow/09_run_phenix.sh,09_run_phenix.sh,36a790c95e3958313abdabba304bcad075d65dbcfaed0efb4da8a83345c2f56f,Staged genomic reanalysis wrapper,Comments shortened; repository-relative root; run messages edited. Analytical arguments retained.,36a790c95e3958313abdabba304bcad075d65dbcfaed0efb4da8a83345c2f56f
workflow/08_prepare_phenix_inputs.sh,08_prepare_phenix_inputs.sh,d227a5098809a9bab17fe560509228a3bdc3e149afc06500c3fb6f095717cd0f,Staged genomic reanalysis wrapper,Comments shortened; repository-relative root; run messages edited. Analytical arguments retained.,d227a5098809a9bab17fe560509228a3bdc3e149afc06500c3fb6f095717cd0f
workflow/03_assemble_spades.sh,03_assemble_spades.sh,79e8753abeebb64d2af521bf15c93761aa585c5552a18671f90cea31c5b6897e,Staged genomic reanalysis wrapper,Comments shortened; repository-relative root; run messages edited. Analytical arguments retained.,79e8753abeebb64d2af521bf15c93761aa585c5552a18671f90cea31c5b6897e
workflow/21_build_hybrid_plasmid_assembly.sh,21_build_hybrid_plasmid_assembly.sh,704b877fe620e95a3eada6da59da970fd057ac49b6d04129b0e6e9d207a95a2d,Staged genomic reanalysis wrapper,Comments shortened; repository-relative root; run messages edited. Analytical arguments retained.,f5c515d48f307b105a6df72277ef89d042f81dea74dc86fcfada7c221502d1c1
workflow/10_build_alignments.sh,10_build_alignments.sh,b6001315abc1a6e2f5e7c520162c9f9467d86a94e57a18f6d9c3a2d188c2098d,Staged genomic reanalysis wrapper,Comments shortened; repository-relative root; run messages edited. Analytical arguments retained.,b6001315abc1a6e2f5e7c520162c9f9467d86a94e57a18f6d9c3a2d188c2098d
workflow/02_trim_bbduk.sh,02_trim_bbduk.sh,e12228820e148ea06bc96d7ce7d3efd5f2c5c3094ad5d1ec01e0201c525d66c8,Staged genomic reanalysis wrapper,Comments shortened; repository-relative root; run messages edited. Analytical arguments retained.,e12228820e148ea06bc96d7ce7d3efd5f2c5c3094ad5d1ec01e0201c525d66c8
workflow/13_raxmlng.sh,13_raxmlng.sh,34abc1b4b8c8b353e8df3d02b42c316e8047d8a7e9bd13e6fb1d757c6006a1b8,Staged genomic reanalysis wrapper,Comments shortened; repository-relative root; run messages edited. Analytical arguments retained.,34abc1b4b8c8b353e8df3d02b42c316e8047d8a7e9bd13e6fb1d757c6006a1b8
workflow/07_build_reference.sh,07_build_reference.sh,c8fe145901ac58d275971ebe1b35a57528aebff4fffb6345df404dba9226d93b,Staged genomic reanalysis wrapper,Comments shortened; repository-relative root; run messages edited. Analytical arguments retained.,51ae85c21824a12ea3e19071a10ca29aedcfb9f9e5fc0707eaff16d25b3ff893
workflow/05_type_sistr_mlst.sh,05_type_sistr_mlst.sh,d54d1299e46373b51697e60e0359a4975176f61c6ccdca8d6542a0d201a63b34,Staged genomic reanalysis wrapper,Comments shortened; repository-relative root; run messages edited. Analytical arguments retained.,d54d1299e46373b51697e60e0359a4975176f61c6ccdca8d6542a0d201a63b34
workflow/lib/summarise_quast.py,summarise_quast.py,a53d43ceae89aa45afb8fa04132ab8e91989b325d3acb46c748eb0546be66521,Staged genomic reanalysis wrapper,Comments shortened; repository-relative root; run messages edited. Analytical arguments retained.,b66d561aa7dce2296655a9858eb3197915158014fe470a7a272cb3f093c441cd
workflow/lib/validate_assignments.py,validate_assignments.py,01df802f5241f258d34a5b9fb6393c435b9f6e6b954c5e331f222f1be864f25c,Staged genomic reanalysis wrapper,Comments shortened; repository-relative root; run messages edited. Analytical arguments retained.,299673e6c719bbde6dc3da1023e09eaa2e40aa674514a025e0a886fd9917a015
workflow/lib/fasta_tools.py,fasta_tools.py,192e1d012aea00023ef12136cca07c07e5ad079f73e2f1c9580fae3fc4979203,Staged genomic reanalysis wrapper,Comments shortened; repository-relative root; run messages edited. Analytical arguments retained.,51b4ce9048ef7e8d10c0a05fbab7d2e4068a44a9cf4af81b2e5ad2298ede9ea4
workflow/lib/merge_reports.py,merge_reports.py,6a77470b47bc289759b9fef60baca3d6f485c0dd5814e2950b799cdafd74c163,Staged genomic reanalysis wrapper,Comments shortened; repository-relative root; run messages edited. Analytical arguments retained.,53c8fff8df632a5ea82dd881fd288107dac999225505374505c3be305fbac8e3
workflow/lib/common.sh,common.sh,25963947667b4ffdcf3b3dcf3c70d43da67206f6c18788385c57cea8409908d5,Staged genomic reanalysis wrapper,Comments shortened; repository-relative root; run messages edited. Analytical arguments retained.,d2ff78ac470db8ee2785a1302c4d1cdfaafee9d0f0d12199d7ffa00491c2d832
environment/phenix_reference_headers.txt,phenix_reference_headers.txt,1cf9f2f3c48fbd84e3d4cbe82d0a28f6946e7c3893c5af8e625dd90bb8e19244,Recorded upstream software/headers,Verbatim,1cf9f2f3c48fbd84e3d4cbe82d0a28f6946e7c3893c5af8e625dd90bb8e19244
provenance/R/01_metadata.R,01_metadata(2).qmd,863cdacf7b830ade961061a0693bcbab3e5370a5cbe128665bcd3e5f5479979c,Original R analysis,R chunks extracted; comments moved out of code. Not called by release renderer.,36b879b1dbb1baeb2e7196eef1bafad07497f9c3bc6c6f802bfb7cb98bac0ff7
provenance/R/02_blood_culture.R,02_BSI epi at QECH 2015 to 2025(2).qmd,20218fcc36166ce59d0c8759d4849c13d1f29176fab30fae7ce3f4229e506410,Original R analysis,R chunks extracted; comments moved out of code. Not called by release renderer.,19a3d7575cc9922a7b6c279096dc6ecbad459609d17a7f59c86fc95b671de4e9
provenance/R/03_malawi_timeline.R,02_Figure_1_B(2).qmd,ee2f19f15accc09df3bf588da0506369655826e2b3bf34d6bbd76ce0c0c2eea9,Original R analysis,R chunks extracted; comments moved out of code. Not called by release renderer.,f9e67f1d7c4e4cc515bde8a1238e5193b1eb30cee526c17050013df52f06a30b
provenance/R/04_st335.R,04_ebg_335_tree(2).qmd,f4c8f9c8600fb7537c180d321798d0f43412bf2648e3083392b5ff19291e49e1,Original R analysis,R chunks extracted; comments moved out of code. Not called by release renderer.,21f00ee0de749eab7bfee11a5dcc8159eb7a0f24471e680633ff7c6e73f1ae6f
provenance/R/05_phil_amr_comparison.R,plot_all_salm_amr_genes.R,601298e4630fda061b7b9d57ba2fd96898f2f98470853a4c24c209f9a001a0d8,Original comparator plotting code,Verbatim,601298e4630fda061b7b9d57ba2fd96898f2f98470853a4c24c209f9a001a0d8
scripts/lib/figures.R,build_isangi_figures.R,ea7e67db2a6e7f54ba3a6e077c838a34656203408351461cc0b88c59fb8cdf2e,Native-R plotting functions,Explanatory comments and automatic CLI invocation removed; algorithms retained.,a019afd4695df93adc7c82b63b2a0ef06c9c786e26e7eacd52db2c80a96af878
data/data_clean/CC25_exact_tip_metadata.csv,CC25_exact_tip_metadata.csv,018b6a7bf3a603b5c66e36a4da53982a372a920a7b9a0b534d9d3d5d0dfc6596,Figure source coordinates/annotations,Restricted to the fields consumed by the circular-tree renderer,c16039318632d0c8a021600353c28ba0639ce142b92cc96bfb813a11ff59747b
data/data_clean/Supplement_CC25_fixed_branch_coordinates.csv,Supplement_CC25_fixed_branch_coordinates.csv,80dfaa566e63456dc61011264c8372cb23993e9f4755195f1f5b4f9d9f082536,Figure source coordinates/annotations,Verbatim,80dfaa566e63456dc61011264c8372cb23993e9f4755195f1f5b4f9d9f082536
data/data_clean/Supplement_CC25_tip_order.csv,Supplement_CC25_tip_order.csv,d4dc150d13d653a841a8e7fc8b4803f8e125ff29d33ca63a6e78b50b539e0408,Figure source coordinates/annotations,Verbatim,d4dc150d13d653a841a8e7fc8b4803f8e125ff29d33ca63a6e78b50b539e0408
data/data_clean/Supplement_CC25_display_annotations.csv,Supplement_CC25_display_annotations.csv,eda4970f4ec8726ed23be11c5b4466e5a50a291dbf844250398247cabab4172b,Figure source coordinates/annotations,Verbatim,eda4970f4ec8726ed23be11c5b4466e5a50a291dbf844250398247cabab4172b
data/data_clean/Figure_4A_ST335_curated_target_mapping.csv,Figure_4A_ST335_curated_target_mapping.csv,e884c9305b585af24c5bc5c8a164da14f161365ffa1359ab85016d32ba0479bd,Figure source coordinates/annotations,Verbatim,e884c9305b585af24c5bc5c8a164da14f161365ffa1359ab85016d32ba0479bd
data/data_clean/Supplement_ST335_labelled_determinant_states.csv,Supplement_ST335_labelled_determinant_states.csv,9b5ae920406a3816160728a4e1c6e9d114512ed30224d013e7ddcb63105a5b2a,Figure source coordinates/annotations,Verbatim,9b5ae920406a3816160728a4e1c6e9d114512ed30224d013e7ddcb63105a5b2a
results/reference/Figure_3A_CC25.tiff,Figure_3A_CC25.tiff,d1f7d2316e2c5b4e9adbf112cebcf8103b68b26b71b4724f07906f53511dc135,Archived circular phylogeny artwork,Verbatim,d1f7d2316e2c5b4e9adbf112cebcf8103b68b26b71b4724f07906f53511dc135
results/reference/Figure_3B_AMR_gene_burden_600dpi.tiff,Figure_3B_AMR_gene_burden_600dpi.tiff,eefe1418608d0967997cfc8a2089c7e45230dc581eea06e47aa9b42426d094dc,Approved Figure 3B artwork,Verbatim,eefe1418608d0967997cfc8a2089c7e45230dc581eea06e47aa9b42426d094dc
data/artwork/Figure_S3_biofilm_quantification.png,Figure_S3_biofilm_quantification.png,139d4c921ec6403791f9f08115819fac55316e7cb58182d6163f183be5909862,Original experimental/plasmid/map artwork,Verbatim,139d4c921ec6403791f9f08115819fac55316e7cb58182d6163f183be5909862
data/artwork/Figure_5_plasmid_comparison.png,Figure_5_plasmid_comparison.png,5d4a3b43b3c7d6293937f61a432bc1265c2df045313c17b4b48c191a91b8ac56,Original experimental/plasmid/map artwork,Verbatim,5d4a3b43b3c7d6293937f61a432bc1265c2df045313c17b4b48c191a91b8ac56
data/artwork/Figure_S1_plasmid_network.png,Figure_S1_plasmid_network.png,74f67420fc88f5c4076b1b5302dfd9ea2e63bc3b158238a6ba0d42c89599779e,Original experimental/plasmid/map artwork,Verbatim,74f67420fc88f5c4076b1b5302dfd9ea2e63bc3b158238a6ba0d42c89599779e
data/artwork/Figure_1D_Blantyre_map.png,Figure_1D_Blantyre_map.png,1a0140e2b0a8ec8f7d01fc10bdef7bef15ba052dc2c606d5bf6f0f2f08a942fd,Original experimental/plasmid/map artwork,Verbatim,1a0140e2b0a8ec8f7d01fc10bdef7bef15ba052dc2c606d5bf6f0f2f08a942fd
data/artwork/Figure_S2_confocal_biofilms.png,Figure_S2_confocal_biofilms.png,a5275eab24af5d91c1197ad24cc632cc6cdc62300c1f33786f8f4c21bc59ccc9,Original experimental/plasmid/map artwork,Verbatim,a5275eab24af5d91c1197ad24cc632cc6cdc62300c1f33786f8f4c21bc59ccc9
data/artwork/Figure_S4_mouse_survival.png,Figure_S4_mouse_survival.png,9a72b572258cc6228ddb67e29d5fb59a82854232a2adb3c9f0d2d3ad50b72b68,Original experimental/plasmid/map artwork,Verbatim,9a72b572258cc6228ddb67e29d5fb59a82854232a2adb3c9f0d2d3ad50b72b68
data/geography/ERST_summary.csv,ERST_summary.csv,cc37bdbbb2855b4e7ed5d1fa1bc81ca76f0b5ec5a362cd0e5b2374d2d0437c2d,Environmental sampling coordinates,"Restricted to longitude, latitude and reported WGS serovar where present",7a7074b4a64f58461cc95585edbdaf9b5e5a3fe018f95d5f55d255ef9e70c9e1
data/geography/isangi_metadata.csv,isangi_metadata.csv,b4ef52c4f3fa089de9e611ffd6dbbe999ad6a5446afddfb45aec1389fc1a0dc1,Environmental sampling coordinates,"Restricted to longitude, latitude and reported WGS serovar where present",c0ece0f8929a9c1b983bcc5c00836010f3ca74c3ef4675d407abf017e7f9ae52
