isolate_id,run_accession,ST
44341_3#128,ERR16714653,335
44341_3#131,ERR16714654,335
44341_3#136,ERR16714655,335
44341_3#165,ERR16714656,335
44341_3#21,ERR16714657,335
44341_3#262,ERR16714658,335
44341_3#265,ERR16714659,335
44341_3#268,ERR16714660,335
44341_3#280,ERR16714661,335
44341_3#281,ERR16714662,335
44341_3#304,ERR16714663,335
44341_3#305,ERR16714664,335
44341_3#310,ERR16714665,335
44341_3#96,ERR16714666,335
44341_4#275,ERR16714667,335
44341_4#286,ERR16714668,335
BKRMVD_S15_L001,ERR16714669,335
BKRRIF_S2_L001,ERR16714670,335
BKRRJK_S5_L001,ERR16714671,Other
CAAP2A_S14_L001,ERR16714672,335
CAAQIG_S25_L001,ERR16714673,Other
CAAQUT_S12_L001,ERR16714674,335
CAAQXB_S13_L001,ERR16714675,335
CAAR9T_S6_L001,ERR16714676,335
CAARE3_S13_L001,ERR16714677,335
CAAS99_S6_L001,ERR16714678,Other
CAAXBN_S10_L001,ERR16714679,335
CAAXQV_S11_L001,ERR16714680,335
CAAYDF_S3_L001,ERR16714681,335
CAAYM5_S24_L001,ERR16714682,Other
CAAYSI_S8_L001,ERR16714683,335
CIS153C1_S4_L001,ERR16714684,335
CIS15HB1_S39_L001,ERR16714685,335
CIS15MR1_S17_L001,ERR16714686,335
CIT159B1_S40_L001,ERR16714687,335
CIT15EB1_S3_L001,ERR16714688,335
CIT15FB1_S1_L001,ERR16714689,335
CIT15FH1_S5_L001,ERR16714690,335
CIT15GH1_S36_L001,ERR16714691,335
CIT15GS1_S23_L001,ERR16714692,335
CIU13XS1_S15_L001,ERR16714693,335
CIU145B1_S13_L001,ERR16714694,335
CIU149H1_S7_L001,ERR16714695,335
CIV13PE7_S12_L001,ERR16714696,335
CIV13RE2_S11_L001,ERR16714697,335
CIV13UE4_S38_L001,ERR16714698,335
CIV13VE5_S21_L001,ERR16714699,335
CIV13XE2_S6_L001,ERR16714700,335
CIV13XE5_S19_L001,ERR16714701,335
CIV13XE8_S20_L001,ERR16714702,335
CIV13XU1_S18_L001,ERR16714703,335
CIV13YE6_S9_L001,ERR16714704,335
CIV13YE8_S22_L001,ERR16714705,335
CIV140E1_S30_L001,ERR16714706,335
CIV140E4_S26_L001,ERR16714707,335
CIV140E6_S2_L001,ERR16714708,335
CIV140E7_S24_L001,ERR16714709,335
CIV140U1_S14_L001,ERR16714710,335
CIV141E6_S16_L001,ERR16714711,335
CIV142E6_S29_L001,ERR16714712,335
CIV143E2_S28_L001,ERR16714713,335
CIV143E4_S31_L001,ERR16714714,335
CIV143E9_S8_L001,ERR16714715,335
CIV143U1_S32_L001,ERR16714716,335
CIV144E6_S33_L001,ERR16714717,335
CIV144U1_S34_L001,ERR16714718,335
CIV146E8_S25_L001,ERR16714719,335
CIV147E3_S35_L001,ERR16714720,335
CLL3JA_S28_L001,ERR16714721,335
CLL6CH_S17_L001,ERR16714722,335
CNS1F3_S9_L001,ERR16714723,335
CNS4NS_S4_L001,ERR16714724,Other
CNS6QU_S4_L001,ERR16714725,335
CNS7YP_S5_L001,ERR16714726,335
CNSDXZ_S1_L001,ERR16714727,335
CNSFP4_S1_L001,ERR16714728,335
CNSKFP_S19_L001,ERR16714729,335
CNSLL4_S20_L001,ERR16714730,335
CNSNZ2_S22_L001,ERR16714731,Other
CNSP0U_S18_L001,ERR16714732,335
ERR10026000,ERR10026000,335
ERR10087012,ERR10087012,335
ERR10087013,ERR10087013,335
ERR10088101,ERR10088101,335
ERR10088102,ERR10088102,335
ERR10088104,ERR10088104,335
ERR10088105,ERR10088105,335
ERR10109255,ERR10109255,335
ERR10109274,ERR10109274,335
ERR10109275,ERR10109275,335
ERR10109276,ERR10109276,335
ERR10109277,ERR10109277,335
ERR10113269,ERR10113269,335
ERR10117717,ERR10117717,335
ERR10123158,ERR10123158,335
ERR10123167,ERR10123167,335
ERR10123168,ERR10123168,335
ERR10125140,ERR10125140,335
ERR10176866,ERR10176866,335
ERR10176869,ERR10176869,335
ERR10176870,ERR10176870,335
ERR10176872,ERR10176872,335
ERR10368770,ERR10368770,216
ERR10438737,ERR10438737,335
ERR10460483,ERR10460483,335
ERR10460687,ERR10460687,335
ERR10460765,ERR10460765,335
ERR10460856,ERR10460856,335
ERR10460875,ERR10460875,335
ERR10460887,ERR10460887,335
ERR10460902,ERR10460902,335
ERR10880116,ERR10880116,335
ERR10880156,ERR10880156,335
ERR10880157,ERR10880157,335
ERR10880181,ERR10880181,335
ERR10880183,ERR10880183,335
ERR10880230,ERR10880230,335
ERR10880311,ERR10880311,335
ERR10880335,ERR10880335,335
ERR10880377,ERR10880377,335
ERR10880424,ERR10880424,335
ERR10949303,ERR10949303,335
ERR10949310,ERR10949310,335
ERR11201827,ERR11201827,335
ERR11219800,ERR11219800,335
ERR11219811,ERR11219811,335
ERR11420238,ERR11420238,335
ERR11437918,ERR11437918,335
ERR11453719,ERR11453719,335
ERR11455881,ERR11455881,335
ERR11502778,ERR11502778,335
ERR11747320,ERR11747320,335
ERR11747325,ERR11747325,335
ERR11807704,ERR11807704,335
ERR11807709,ERR11807709,335
ERR11810274,ERR11810274,335
ERR11872767,ERR11872767,335
ERR11896635,ERR11896635,335
ERR12067314,ERR12067314,335
ERR12067334,ERR12067334,335
ERR12067371,ERR12067371,335
ERR12078572,ERR12078572,335
ERR12078573,ERR12078573,335
ERR12080226,ERR12080226,335
ERR12091513,ERR12091513,335
ERR12142619,ERR12142619,335
ERR12142634,ERR12142634,335
ERR12146144,ERR12146144,335
ERR12165616,ERR12165616,335
ERR12259395,ERR12259395,335
ERR12302226,ERR12302226,335
ERR12312688,ERR12312688,335
ERR12312689,ERR12312689,335
ERR12312692,ERR12312692,335
ERR12321280,ERR12321280,335
ERR12321281,ERR12321281,335
ERR12321282,ERR12321282,335
ERR12321283,ERR12321283,335
ERR12321284,ERR12321284,335
ERR12495482,ERR12495482,335
ERR12495485,ERR12495485,335
ERR12552377,ERR12552377,335
ERR12552381,ERR12552381,335
ERR12552384,ERR12552384,335
ERR160996,ERR160996,216
ERR3635287,ERR3635287,216
ERR4145345,ERR4145345,216
ERR4145353,ERR4145353,216
ERR4145363,ERR4145363,216
ERR4145388,ERR4145388,216
ERR4145392,ERR4145392,216
ERR4145410,ERR4145410,216
ERR4338560,ERR4338560,216
ERR4338896,ERR4338896,216
ERR4399358,ERR4399358,335
ERR4399362,ERR4399362,335
ERR4399363,ERR4399363,216
ERR4399957,ERR4399957,335
ERR4400265,ERR4400265,216
ERR4400834,ERR4400834,216
ERR4400884,ERR4400884,216
ERR4401297,ERR4401297,216
ERR4401298,ERR4401298,216
ERR4401299,ERR4401299,216
ERR4401598,ERR4401598,216
ERR4451427,ERR4451427,335
ERR4451478,ERR4451478,335
ERR5750995,ERR5750995,335
ERR5751227,ERR5751227,335
ERR5751296,ERR5751296,335
ERR5751304,ERR5751304,335
ERR5751308,ERR5751308,335
ERR5751726,ERR5751726,335
ERR5751808,ERR5751808,335
ERR6752863,ERR6752863,335
ERR6752889,ERR6752889,335
ERR6752971,ERR6752971,335
ERR6753111,ERR6753111,335
ERR6805990,ERR6805990,335
ERR6805998,ERR6805998,335
ERR6806028,ERR6806028,335
ERR6806075,ERR6806075,335
ERR6806125,ERR6806125,335
ERR6806255,ERR6806255,335
ERR6806317,ERR6806317,335
ERR6806512,ERR6806512,335
ERR6806600,ERR6806600,335
ERR6806632,ERR6806632,335
ERR6806714,ERR6806714,335
ERR6806726,ERR6806726,335
ERR6806749,ERR6806749,335
ERR6806776,ERR6806776,335
ERR6806789,ERR6806789,335
ERR6806796,ERR6806796,335
ERR6806833,ERR6806833,335
ERR7197741,ERR7197741,335
ERR7197757,ERR7197757,335
ERR7197834,ERR7197834,335
ERR9079508,ERR9079508,335
ERR9079758,ERR9079758,335
ERR9079768,ERR9079768,335
ERR9079830,ERR9079830,335
ERR9288082,ERR9288082,335
ERR9288143,ERR9288143,335
ERR9420153,ERR9420153,335
ERR9692774,ERR9692774,335
ERR9785509,ERR9785509,335
ERR9785510,ERR9785510,335
ERR9785511,ERR9785511,335
ERR9785512,ERR9785512,335
ERR9820422,ERR9820422,335
ERR9822144,ERR9822144,335
ERR9822145,ERR9822145,335
ERR9822146,ERR9822146,335
ERR9822149,ERR9822149,335
ERR9822151,ERR9822151,335
ERR9924209,ERR9924209,335
ERR9929342,ERR9929342,335
ERR9941258,ERR9941258,335
ERR9966382,ERR9966382,335
ERR9966386,ERR9966386,335
ERR9966387,ERR9966387,335
ERR9966388,ERR9966388,335
ERR9966389,ERR9966389,335
ERR9966390,ERR9966390,335
ERR9971918,ERR9971918,335
ERR9976609,ERR9976609,335
SRR10326268,SRR10326268,216
SRR10992537,SRR10992537,216
SRR1106479,SRR1106479,216
SRR13277412,SRR13277412,216
SRR13277416,SRR13277416,216
SRR13277434,SRR13277434,216
SRR13311773,SRR13311773,216
SRR13312061,SRR13312061,216
SRR13313312,SRR13313312,216
SRR13719196,SRR13719196,216
SRR13719289,SRR13719289,216
SRR13719614,SRR13719614,216
SRR14360286,SRR14360286,216
SRR14921286,SRR14921286,216
SRR15853458,SRR15853458,216
SRR1646109,SRR1646109,216
SRR21535455,SRR21535455,216
SRR21535466,SRR21535466,216
SRR21787058,SRR21787058,216
SRR21787324,SRR21787324,216
SRR22175068,SRR22175068,216
SRR26050334,SRR26050334,216
SRR26858817,SRR26858817,216
SRR27185117,SRR27185117,216
SRR27481520,SRR27481520,216
SRR27481649,SRR27481649,216
SRR27481651,SRR27481651,216
SRR27481815,SRR27481815,216
SRR27481822,SRR27481822,216
SRR27762886,SRR27762886,216
SRR28295566,SRR28295566,216
SRR2917136,SRR2917136,216
SRR2917137,SRR2917137,216
SRR2917138,SRR2917138,216
SRR2917139,SRR2917139,216
SRR2917140,SRR2917140,216
SRR3001933,SRR3001933,216
SRR3137069,SRR3137069,216
SRR5056398,SRR5056398,216
SRR5084265,SRR5084265,216
SRR5121494,SRR5121494,216
SRR5121497,SRR5121497,216
SRR5379276,SRR5379276,216
SRR6107195,SRR6107195,216
SRR6457657,SRR6457657,216
SRR7130368,SRR7130368,216
SRR7130369,SRR7130369,216
SRR7130370,SRR7130370,216
SRR7130371,SRR7130371,216
SRR7427053,SRR7427053,216
SRR7457932,SRR7457932,5028
SRR7467291,SRR7467291,216
SRR8137438,SRR8137438,216
SRR8293522,SRR8293522,216
SRR8325561,SRR8325561,216
SRR8503644,SRR8503644,216
SRR9273829,SRR9273829,335
SRR9627787,SRR9627787,216
ERR10109287,ERR10109287,216
ERR3581536,ERR3581536,216
ERR3635266,ERR3635266,216
ERR4399344,ERR4399344,216
ERR4401589,ERR4401589,1994
ERR6806710,ERR6806710,216
ERR9680890,ERR9680890,216
SRR1106363,SRR1106363,3390
SRR13313295,SRR13313295,216
SRR13313309,SRR13313309,216
SRR13833609,SRR13833609,335
SRR16227977,SRR16227977,216
SRR16301618,SRR16301618,216
SRR1643104,SRR1643104,1994
SRR1810522,SRR1810522,1994
SRR1966891,SRR1966891,216
SRR1967735,SRR1967735,216
SRR1973602,SRR1973602,216
SRR20212638,SRR20212638,216
SRR21224019,SRR21224019,216
SRR2173991,SRR2173991,1994
SRR22691594,SRR22691594,216
SRR26463587,SRR26463587,1994
SRR2961321,SRR2961321,1994
SRR3002514,SRR3002514,216
SRR3322715,SRR3322715,1994
SRR5799674,SRR5799674,1994
SRR6684992,SRR6684992,1994
SRR6685117,SRR6685117,1994
SRR7292689,SRR7292689,1994
SRR7292863,SRR7292863,216
SRR7841631,SRR7841631,216
SRR7842526,SRR7842526,216
SRR7850690,SRR7850690,216
SRR7884719,SRR7884719,216
SRR8297279,SRR8297279,216
SRR8350305,SRR8350305,216
SRR8369293,SRR8369293,216
SRR8706049,SRR8706049,216
SRR952929,SRR952929,216
