sample_accession	run_accession	evidence_status
	ERR10438737	notebook_derived_assembled
	ERR9288143	notebook_derived_assembled
	ERR10460887	notebook_derived_assembled
	ERR12495485	notebook_derived_assembled
	ERR12321281	notebook_derived_assembled
	ERR11747325	notebook_derived_assembled
	ERR10026000	notebook_derived_assembled
	ERR6806317	notebook_derived_assembled
	ERR12321283	notebook_derived_assembled
	SRR7130368	notebook_derived_assembled
	ERR9680890	notebook_derived_assembled
	ERR9079830	notebook_derived_assembled
	SRR8369293	notebook_derived_assembled
	ERR11872767	notebook_derived_assembled
	ERR6806749	notebook_derived_assembled
	ERR10088102	notebook_derived_assembled
	ERR6806796	notebook_derived_assembled
	SRR26858817	notebook_derived_assembled
	ERR10109275	notebook_derived_assembled
	ERR9079768	notebook_derived_assembled
	ERR9692774	notebook_derived_assembled
	SRR10992537	notebook_derived_assembled
	ERR10123167	notebook_derived_assembled
	ERR11455881	notebook_derived_assembled
	ERR4338560	notebook_derived_assembled
	ERR4401297	notebook_derived_assembled
	ERR10460875	notebook_derived_assembled
	ERR10880116	notebook_derived_assembled
	ERR6806075	notebook_derived_assembled
	ERR6806255	notebook_derived_assembled
	ERR11201827	notebook_derived_assembled
	ERR6806776	notebook_derived_assembled
	SRR14921286	notebook_derived_assembled
	ERR12067371	notebook_derived_assembled
	SRR9273829	notebook_derived_assembled
	ERR160996	notebook_derived_assembled
	ERR10368770	notebook_derived_assembled
	ERR10880230	notebook_derived_assembled
	ERR9941258	notebook_derived_assembled
	ERR6753111	notebook_derived_assembled
	SRR13277416	notebook_derived_assembled
	ERR9079508	notebook_derived_assembled
	SRR7884719	notebook_derived_assembled
	ERR6806714	notebook_derived_assembled
	ERR10880377	notebook_derived_assembled
	ERR5751726	notebook_derived_assembled
	ERR11219811	notebook_derived_assembled
	ERR4401598	notebook_derived_assembled
	ERR9976609	notebook_derived_assembled
	SRR13313309	notebook_derived_assembled
	ERR6806833	notebook_derived_assembled
	ERR4338896	notebook_derived_assembled
	ERR10176869	notebook_derived_assembled
	SRR1967735	notebook_derived_assembled
	SRR13312061	notebook_derived_assembled
	ERR10088104	notebook_derived_assembled
	ERR9785512	notebook_derived_assembled
	SRR13313312	notebook_derived_assembled
	ERR5751227	notebook_derived_assembled
	SRR1106479	notebook_derived_assembled
	ERR4145363	notebook_derived_assembled
	ERR5751304	notebook_derived_assembled
	ERR4400834	notebook_derived_assembled
	SRR7842526	notebook_derived_assembled
	ERR10125140	notebook_derived_assembled
	SRR9627787	notebook_derived_assembled
	ERR6806726	notebook_derived_assembled
	SRR2917137	notebook_derived_assembled
	ERR7197834	notebook_derived_assembled
	SRR7457932	notebook_derived_assembled
	ERR12321280	notebook_derived_assembled
	ERR10880183	notebook_derived_assembled
	ERR12091513	notebook_derived_assembled
	ERR12078573	notebook_derived_assembled
	ERR9966382	notebook_derived_assembled
	ERR11453719	notebook_derived_assembled
	ERR9939684	notebook_derived_assembled
	ERR10176870	notebook_derived_assembled
	ERR9929342	notebook_derived_assembled
	SRR13277434	notebook_derived_assembled
	ERR11420238	notebook_derived_assembled
	ERR4399358	notebook_derived_assembled
	ERR9822145	notebook_derived_assembled
	ERR5751308	notebook_derived_assembled
	SRR27481822	notebook_derived_assembled
	ERR11219800	notebook_derived_assembled
	SRR13311773	notebook_derived_assembled
	ERR9420153	notebook_derived_assembled
	ERR12321282	notebook_derived_assembled
	SRR27762886	notebook_derived_assembled
	ERR4400884	notebook_derived_assembled
	ERR10460856	notebook_derived_assembled
	ERR6806028	notebook_derived_assembled
	SRR7841631	notebook_derived_assembled
	SRR1966891	notebook_derived_assembled
	ERR4399363	notebook_derived_assembled
	ERR4399362	notebook_derived_assembled
	SRR5121494	notebook_derived_assembled
	ERR9924209	notebook_derived_assembled
	ERR10880311	notebook_derived_assembled
	ERR12146144	notebook_derived_assembled
	ERR10113269	notebook_derived_assembled
	SRR8293522	notebook_derived_assembled
	ERR11201713	notebook_derived_assembled
	ERR11437918	notebook_derived_assembled
	ERR9966386	notebook_derived_assembled
	ERR6752863	notebook_derived_assembled
	ERR10109287	notebook_derived_assembled
	ERR6805998	notebook_derived_assembled
	ERR4451427	notebook_derived_assembled
	ERR12312688	notebook_derived_assembled
	ERR12552381	notebook_derived_assembled
	SRR2917136	notebook_derived_assembled
	ERR9939690	notebook_derived_assembled
	ERR11896635	notebook_derived_assembled
	ERR10123158	notebook_derived_assembled
	ERR9079758	notebook_derived_assembled
	SRR5121497	notebook_derived_assembled
	ERR6806632	notebook_derived_assembled
	ERR5751808	notebook_derived_assembled
	ERR12259395	notebook_derived_assembled
	ERR9966388	notebook_derived_assembled
	ERR12312689	notebook_derived_assembled
	SRR5056398	notebook_derived_assembled
	SRR7130371	notebook_derived_assembled
	SRR8503644	notebook_derived_assembled
	ERR12142634	notebook_derived_assembled
	ERR11807709	notebook_derived_assembled
	SRR13719289	notebook_derived_assembled
	SRR16301618	notebook_derived_assembled
	SRR8325561	notebook_derived_assembled
	ERR4400265	notebook_derived_assembled
	ERR12078572	notebook_derived_assembled
	ERR12552377	notebook_derived_assembled
	ERR7197741	notebook_derived_assembled
	SRR7427053	notebook_derived_assembled
	SRR21224019	notebook_derived_assembled
	ERR4145353	notebook_derived_assembled
	ERR9822146	notebook_derived_assembled
	ERR9822144	notebook_derived_assembled
	ERR12302226	notebook_derived_assembled
	ERR12165616	notebook_derived_assembled
	ERR11502778	notebook_derived_assembled
	SRR13277412	notebook_derived_assembled
	ERR11747320	notebook_derived_assembled
	ERR4451478	notebook_derived_assembled
	ERR9785509	notebook_derived_assembled
	SRR3002514	notebook_derived_assembled
	ERR10949303	notebook_derived_assembled
	ERR9971918	notebook_derived_assembled
	SRR1646109	notebook_derived_assembled
	ERR10109274	notebook_derived_assembled
	SRR3049609	notebook_derived_assembled
	ERR10109276	notebook_derived_assembled
	SRR5379276	notebook_derived_assembled
	ERR4399344	notebook_derived_assembled
	ERR10087012	notebook_derived_assembled
	SRR7130369	notebook_derived_assembled
	ERR4145392	notebook_derived_assembled
	ERR10117717	notebook_derived_assembled
	SRR2917139	notebook_derived_assembled
	SRR21535455	notebook_derived_assembled
	SRR20212638	notebook_derived_assembled
	ERR4401299	notebook_derived_assembled
	SRR13833609	notebook_derived_assembled
	ERR10088101	notebook_derived_assembled
	ERR3635287	notebook_derived_assembled
	SRR21787324	notebook_derived_assembled
	ERR12067314	notebook_derived_assembled
	ERR10109277	notebook_derived_assembled
	SRR7130370	notebook_derived_assembled
	ERR9966389	notebook_derived_assembled
	SRR16227977	notebook_derived_assembled
	SRR3137069	notebook_derived_assembled
	SRR2917138	notebook_derived_assembled
	ERR10176866	notebook_derived_assembled
	SRR3001933	notebook_derived_assembled
	ERR12067334	notebook_derived_assembled
	SRR27185117	notebook_derived_assembled
	ERR10460483	notebook_derived_assembled
	ERR10880424	notebook_derived_assembled
	ERR9785510	notebook_derived_assembled
	SRR952929	notebook_derived_assembled
	ERR9966390	notebook_derived_assembled
	SRR8706049	notebook_derived_assembled
	ERR9966387	notebook_derived_assembled
	ERR9785511	notebook_derived_assembled
	SRR15853458	notebook_derived_assembled
	ERR6806512	notebook_derived_assembled
	SRR22691594	notebook_derived_assembled
	ERR7197757	notebook_derived_assembled
	SRR27481520	notebook_derived_assembled
	ERR10460687	notebook_derived_assembled
	ERR12495482	notebook_derived_assembled
	ERR10880156	notebook_derived_assembled
	ERR9822151	notebook_derived_assembled
	ERR6805990	notebook_derived_assembled
	SRR10326268	notebook_derived_assembled
	ERR4401298	notebook_derived_assembled
	ERR6806710	notebook_derived_assembled
	SRR8297279	notebook_derived_assembled
	SRR6457657	notebook_derived_assembled
	ERR6752971	notebook_derived_assembled
	ERR12552384	notebook_derived_assembled
	ERR10949310	notebook_derived_assembled
	ERR6806125	notebook_derived_assembled
	ERR3635266	notebook_derived_assembled
	ERR10109255	notebook_derived_assembled
	ERR12080226	notebook_derived_assembled
	SRR7850690	notebook_derived_assembled
	SRR5084265	notebook_derived_assembled
	ERR5750995	notebook_derived_assembled
	SRR21535466	notebook_derived_assembled
	ERR10088105	notebook_derived_assembled
	ERR9288082	notebook_derived_assembled
	ERR10176872	notebook_derived_assembled
	SRR22175068	notebook_derived_assembled
	SRR6107195	notebook_derived_assembled
	SRR27481649	notebook_derived_assembled
	ERR12321284	notebook_derived_assembled
	ERR4145388	notebook_derived_assembled
	SRR27481651	notebook_derived_assembled
	ERR6752889	notebook_derived_assembled
	SRR27481815	notebook_derived_assembled
	ERR10880181	notebook_derived_assembled
	SRR8350305	notebook_derived_assembled
	SRR14360286	notebook_derived_assembled
	ERR11810274	notebook_derived_assembled
	ERR5751296	notebook_derived_assembled
	SRR8137438	notebook_derived_assembled
	ERR6806789	notebook_derived_assembled
	SRR21787058	notebook_derived_assembled
	SRR2917140	notebook_derived_assembled
	ERR12142619	notebook_derived_assembled
	ERR10880335	notebook_derived_assembled
	ERR10880157	notebook_derived_assembled
	SRR7467291	notebook_derived_assembled
	SRR13719196	notebook_derived_assembled
	ERR3581536	notebook_derived_assembled
	ERR11807704	notebook_derived_assembled
	ERR10087013	notebook_derived_assembled
	ERR10460902	notebook_derived_assembled
	SRR13719614	notebook_derived_assembled
	ERR4399957	notebook_derived_assembled
	ERR6806600	notebook_derived_assembled
	ERR10460765	notebook_derived_assembled
	ERR4145410	notebook_derived_assembled
	SRR1973602	notebook_derived_assembled
	SRR26050334	notebook_derived_assembled
	ERR9820422	notebook_derived_assembled
	SRR13313295	notebook_derived_assembled
	SRR28295566	notebook_derived_assembled
	ERR12312692	notebook_derived_assembled
	SRR7292863	notebook_derived_assembled
	ERR4145345	notebook_derived_assembled
	ERR9822149	notebook_derived_assembled
	ERR10123168	notebook_derived_assembled
	ERR4401589	notebook_derived_assembled
	SRR1106363	notebook_derived_assembled
	SRR1643104	notebook_derived_assembled
	SRR1810522	notebook_derived_assembled
	SRR2173991	notebook_derived_assembled
	SRR26463587	notebook_derived_assembled
	SRR2961321	notebook_derived_assembled
	SRR3322715	notebook_derived_assembled
	SRR5799674	notebook_derived_assembled
	SRR6684992	notebook_derived_assembled
	SRR6685117	notebook_derived_assembled
	SRR7292689	notebook_derived_assembled
	SRR1264948	notebook_derived_assembled
	SRR9942635	notebook_derived_assembled
	SRR1264936	notebook_derived_assembled
	SRR22163673	notebook_derived_assembled
	ERR10442662	notebook_recorded_input_failure
